<?xml version="1.0" encoding="UTF-8"?>
<!--
***************************************************************************
* Licensed Materials - Property of IBM                                    *
* (C) Copyright IBM Corp. 2015. All Rights Reserved.                      *
*                                                                         *
* US Government Users Restricted Rights - Use, duplication or disclosure  *
* restricted by GSA ADP Schedule Contract with IBM Corp.                  *
*************************************************************************** 
-->
<rule xmlns="http://websphere.ibm.com/xml/ns/wamt/binary-scanner-rule" xmlns:xsi="http://www.w3.org/2001/XMLSchema-instance"
    xsi:schemaLocation="http://websphere.ibm.com/xml/ns/wamt/binary-scanner-rule ../binary-scanner-rule_1_0.xsd" id="AsyncContextDispatchBehaviorChange" 
		description="appconversion.javaee7.servlet.AsyncContextDispatchBehaviorChange">
	<detectMultipleCriteria>
		<detectElement tags="async-supported" value="(?i:true)" parentTags="servlet">
			<xmlFile pattern="META-INF/web-fragment.xml"/>
			<xmlFile pattern="WEB-INF/web.xml"/>
		</detectElement> 
		<detectAnnotation name="javax.servlet.annotation.WebServlet" type="java.lang.Boolean"  attributeName="asyncSupported">
			<field value="true"/>
			<location type="class"/>
		</detectAnnotation> 
	</detectMultipleCriteria>
</rule>