<?xml version="1.0" encoding="UTF-8"?>
<!--
***************************************************************************
* Licensed Materials - Property of IBM                                    *
* (C) Copyright IBM Corp. 2015, 2023. All Rights Reserved.                *
*                                                                         *
* US Government Users Restricted Rights - Use, duplication or disclosure  *
* restricted by GSA ADP Schedule Contract with IBM Corp.                  *
*************************************************************************** 
-->
<rule xmlns="http://websphere.ibm.com/xml/ns/wamt/binary-scanner-rule" xmlns:xsi="http://www.w3.org/2001/XMLSchema-instance"
    xsi:schemaLocation="http://websphere.ibm.com/xml/ns/wamt/binary-scanner-rule ../binary-scanner-rule_1_0.xsd" id="BeansXmlNamespace" 
		description="appconversion.javaee7.cdi.BeansXmlNamespace" recipes="org.openrewrite.java.migrate.BeansXmlNamespace">
	<detectMultipleCriteria>
		<detectAttribute tags="beans" attributeName="schemaLocation"
						 attributeValue="(?!(.*http://java\.sun\.com/xml/ns/javaee/beans_1_0)(?=\.xsd))(.*/beans_1_(0|1)\.xsd.*)"
						 documentNamespace="http://java\.sun\.com/xml/ns/javaee">
			<xmlFile pattern="(.*/)?(META-INF|WEB-INF)/beans\.xml"/>
		</detectAttribute>
		<detectAttribute tags="beans" attributeName="schemaLocation" 
						 attributeValue="(?!(.*http://xmlns\.jcp\.org/xml/ns/javaee/beans_1_1)(?=\.xsd))(.*/beans_1_(0|1)\.xsd.*)"						 
						 documentNamespace="http://xmlns\.jcp\.org/xml/ns/javaee">
			<xmlFile pattern="(.*/)?(META-INF|WEB-INF)/beans\.xml"/>
		</detectAttribute>
		<detectElement tags="beans" validateDocumentNamespaceIfPresent="http://(java\.sun\.com|xmlns\.jcp\.org)/xml/ns/javaee">
			<xmlFile pattern="(.*/)?(META-INF|WEB-INF)/beans\.xml"/>
		</detectElement>
	</detectMultipleCriteria>
</rule>