<?xml version="1.0" encoding="UTF-8"?>
<!--
***************************************************************************
* Licensed Materials - Property of IBM                                    *
* (C) Copyright IBM Corp. 2015. All Rights Reserved.                      *
*                                                                         *
* US Government Users Restricted Rights - Use, duplication or disclosure  *
* restricted by GSA ADP Schedule Contract with IBM Corp.                  *
*************************************************************************** 
-->
<rule xmlns="http://websphere.ibm.com/xml/ns/wamt/binary-scanner-rule" xmlns:xsi="http://www.w3.org/2001/XMLSchema-instance"
    xsi:schemaLocation="http://websphere.ibm.com/xml/ns/wamt/binary-scanner-rule ../binary-scanner-rule_1_0.xsd" id="CoerceToTypeBehaviorChange" 
		description="appconversion.javaee7.el.CoerceToTypeBehaviorChange">
	<detectMethodParameter name="coerceToType"
				arguments="java.lang.Object, java.lang.Class"
				owners="javax.el.ExpressionFactory">	
				<argument position="1" flagVariable="true" flagType="java.lang.Boolean"/>
				<argument position="1" flagVariable="true" flagType="java.lang.Byte"/>
				<argument position="1" flagVariable="true" flagType="java.lang.Character"/>
				<argument position="1" flagVariable="true" flagType="java.lang.Double"/>
				<argument position="1" flagVariable="true" flagType="java.lang.Float"/>
				<argument position="1" flagVariable="true" flagType="java.lang.Integer"/>
				<argument position="1" flagVariable="true" flagType="java.lang.Long"/>
				<argument position="1" flagVariable="true" flagType="java.lang.Short"/>
	</detectMethodParameter> 
</rule>
