<?xml version="1.0" encoding="UTF-8"?>
<!--
***************************************************************************
* Licensed Materials - Property of IBM                                    *
* (C) Copyright IBM Corp. 2021. All Rights Reserved.                      *
*                                                                         *
* US Government Users Restricted Rights - Use, duplication or disclosure  *
* restricted by GSA ADP Schedule Contract with IBM Corp.                  *
*************************************************************************** 
-->
<rule xmlns="http://websphere.ibm.com/xml/ns/wamt/binary-scanner-rule" xmlns:xsi="http://www.w3.org/2001/XMLSchema-instance"
    xsi:schemaLocation="http://websphere.ibm.com/xml/ns/wamt/binary-scanner-rule ../binary-scanner-rule_1_0.xsd" id="DeprecatedPrimitiveClassConstructors" description="appconversion.jre.16.DeprecatedPrimitiveClassConstructors">
	<detectMultipleCriteria>
	    <detectConstructor owners="java.lang.Byte"/>
	    <detectConstructor owners="java.lang.Short"/>
	    <detectConstructor owners="java.lang.Integer"/>
	    <detectConstructor owners="java.lang.Long"/>
	    <detectConstructor owners="java.lang.Float"/>
	    <detectConstructor owners="java.lang.Double"/>
	    <detectConstructor owners="java.lang.Boolean"/>
	    <detectConstructor owners="java.lang.Character"/>
	</detectMultipleCriteria>
</rule>