<?xml version="1.0" encoding="UTF-8"?>
<!--
***************************************************************************
* Licensed Materials - Property of IBM                                    *
* (C) Copyright IBM Corp. 2022, 2023. All Rights Reserved.                *
*                                                                         *
* US Government Users Restricted Rights - Use, duplication or disclosure  *
* restricted by GSA ADP Schedule Contract with IBM Corp.                  *
*************************************************************************** 
-->
<rule xmlns="http://websphere.ibm.com/xml/ns/wamt/binary-scanner-rule" xmlns:xsi="http://www.w3.org/2001/XMLSchema-instance"
    xsi:schemaLocation="http://websphere.ibm.com/xml/ns/wamt/binary-scanner-rule ../binary-scanner-rule_1_0.xsd" id="DeprecatedClientProperties" 
		description="com.ibm.ws.report.binary.jakartaee9.restfulws.DeprecatedClientProperties">
	    <detectMultipleCriteria>
	    	<detectMethodParameter name="property" owners="javax.ws.rs.client.Client, javax.ws.rs.client.WebTarget, jakarta.ws.rs.client.Client, jakarta.ws.rs.client.WebTarget" arguments="java.lang.String, java.lang.Object">
	    		<argument position="0"  flagVariable="true" flagStringLiteral="com\.ibm\.ws\.jaxrs\.client\.(ssl\.config|proxy\..*)"/>
	    	</detectMethodParameter>
	    	<detectMethodParameter name="property" owners="javax.ws.rs.client.ClientBuilder, jakarta.ws.rs.client.ClientBuilder" arguments="java.lang.String, java.lang.Object">
	    		<argument position="0"  flagVariable="true" flagStringLiteral="com\.ibm\.ws\.jaxrs\.client\.(receive|connection)\.timeout"/>
	    	</detectMethodParameter>
	    </detectMultipleCriteria>
</rule>