<?xml version="1.0" encoding="UTF-8"?>
<!--
***************************************************************************
* Licensed Materials - Property of IBM                                    *
* (C) Copyright IBM Corp. 2018. All Rights Reserved.                      *
*                                                                         *
* US Government Users Restricted Rights - Use, duplication or disclosure  *
* restricted by GSA ADP Schedule Contract with IBM Corp.                  *
*************************************************************************** 
-->
<rule xmlns="http://websphere.ibm.com/xml/ns/wamt/binary-scanner-rule" xmlns:xsi="http://www.w3.org/2001/XMLSchema-instance"
    xsi:schemaLocation="http://websphere.ibm.com/xml/ns/wamt/binary-scanner-rule ../binary-scanner-rule_1_0.xsd" id="DetectMBeanOperationInfoConstructor" 
		description="appconversion.jre.189.DetectMBeanOperationInfoConstructor">
	<detectMultipleCriteria>
		<detectConstructorParameter owners="javax.management.MBeanOperationInfo"
			arguments="java.lang.String, java.lang.String, javax.management.MBeanParameterInfo[], java.lang.String, int"> 
			<argument position="4" flagVariable="true" flagVariableValue="[^0-3]" flagStringLiteral="[^0-3]"/>
		</detectConstructorParameter> 
		<detectConstructorParameter owners="javax.management.MBeanOperationInfo"
			arguments="java.lang.String, java.lang.String, javax.management.MBeanParameterInfo[], java.lang.String, int, javax.management.Descriptor"> 
			<argument position="4" flagVariable="true" flagVariableValue="[^0-3]" flagStringLiteral="[^0-3]"/>
		</detectConstructorParameter> 
	</detectMultipleCriteria>
</rule>