<?xml version="1.0" encoding="UTF-8"?>
<!--
***************************************************************************
* Licensed Materials - Property of IBM                                    *
* (C) Copyright IBM Corp. 2020. All Rights Reserved.                      *
*                                                                         *
* US Government Users Restricted Rights - Use, duplication or disclosure  *
* restricted by GSA ADP Schedule Contract with IBM Corp.                  *
*************************************************************************** 
-->
<rule xmlns="http://websphere.ibm.com/xml/ns/wamt/binary-scanner-rule" xmlns:xsi="http://www.w3.org/2001/XMLSchema-instance"
    xsi:schemaLocation="http://websphere.ibm.com/xml/ns/wamt/binary-scanner-rule ../binary-scanner-rule_1_0.xsd" id="DetectWeakNamedCurves" description="appconversion.jre.14.DetectWeakNamedCurves">
		<detectStringLiteral>
			<literal value="secp112r1"/>
			<literal value="secp112r2"/>
			<literal value="secp128r1"/>
			<literal value="secp128r2"/>
			<literal value="secp160k1"/>
			<literal value="secp160r1"/>
			<literal value="secp160r2"/>
			<literal value="secp192k1"/>
			<literal value="secp192r1"/>
			<literal value="secp224k1"/>
			<literal value="secp224r1"/>
			<literal value="secp256k1"/>
			<literal value="sect113r1"/>
			<literal value="sect113r2"/>
			<literal value="sect131r1"/>
			<literal value="sect131r2"/>
			<literal value="sect163k1"/>
			<literal value="sect163r1"/>
			<literal value="sect163r2"/>
			<literal value="sect193r1"/>
			<literal value="sect193r2"/>
			<literal value="sect233k1"/>
			<literal value="sect233r1"/>
			<literal value="sect239k1"/>
			<literal value="sect283k1"/>
			<literal value="sect283r1"/>
			<literal value="sect409k1"/>
			<literal value="sect409r1"/>
			<literal value="sect571k1"/>
			<literal value="sect571r1"/>
			<literal value="X9\.62 c2tnb191v1"/>
			<literal value="X9\.62 c2tnb191v2"/>
			<literal value="X9\.62 c2tnb191v3"/>
			<literal value="X9\.62 c2tnb239v1"/>
			<literal value="X9\.62 c2tnb239v2"/>
			<literal value="X9\.62 c2tnb239v3"/>
			<literal value="X9\.62 c2tnb359v1"/>
			<literal value="X9\.62 c2tnb431r1"/>
			<literal value="X9\.62 prime192v2"/>
			<literal value="X9\.62 prime192v3"/>
			<literal value="X9\.62 prime239v1"/>
			<literal value="X9\.62 prime239v2"/>
			<literal value="X9\.62 prime239v3"/>
			<literal value="brainpoolP256r1"/>
			<literal value="brainpoolP320r1"/>
			<literal value="brainpoolP384r1"/>
			<literal value="brainpoolP512r1"/>
			
		</detectStringLiteral>
</rule>