<?xml version="1.0" encoding="UTF-8"?>
<!--
***************************************************************************
* Licensed Materials - Property of IBM                                    *
* (C) Copyright IBM Corp. 2023. All Rights Reserved.                      *
*                                                                         *
* US Government Users Restricted Rights - Use, duplication or disclosure  *
* restricted by GSA ADP Schedule Contract with IBM Corp.                  *
*************************************************************************** 
-->
<rule xmlns="http://websphere.ibm.com/xml/ns/wamt/binary-scanner-rule" xmlns:xsi="http://www.w3.org/2001/XMLSchema-instance"
    xsi:schemaLocation="http://websphere.ibm.com/xml/ns/wamt/binary-scanner-rule ../binary-scanner-rule_1_0.xsd" id="FacesJavaScriptNameChanges" 
		description="com.ibm.ws.report.binary.jakartaee10.faces.FacesJavaScriptNameChanges">
	<or>
		<detectAnnotation name="jakarta.faces.application.ResourceDependency" attributeName="name" type="java.lang.String">
			<field value="jsf.js"/>
			<location type="class"/>
		</detectAnnotation>
		<detectAttribute attributeName=".*" attributeValue="[\s\S]*jsf\.(?:util|push|ajax)\.[\s\S]*">
			<xmlFile pattern=".*\.xhtml"/>
		</detectAttribute>
		<detectAttribute tags="outputScript" attributeName="name" attributeValue="jsf\.js">
			<xmlFile pattern=".*\.xhtml"/>
		</detectAttribute>
		<detectElement value="[\s\S]*jsf\.(?:util|push|ajax)\.[\s\S]*">
			<xmlFile pattern=".*\.xhtml"/>
		</detectElement>
	</or>
</rule>