<?xml version="1.0" encoding="UTF-8"?>
<!--
***************************************************************************
* Licensed Materials - Property of IBM                                    *
* (C) Copyright IBM Corp. 2023. All Rights Reserved.                      *
*                                                                         *
* US Government Users Restricted Rights - Use, duplication or disclosure  *
* restricted by GSA ADP Schedule Contract with IBM Corp.                  *
*************************************************************************** 
-->
<rule xmlns="http://websphere.ibm.com/xml/ns/wamt/binary-scanner-rule" xmlns:xsi="http://www.w3.org/2001/XMLSchema-instance"
    xsi:schemaLocation="http://websphere.ibm.com/xml/ns/wamt/binary-scanner-rule ../binary-scanner-rule_1_0.xsd" id="JakartaEE9PackageRenameRule" 
		description="com.ibm.ws.report.binary.jakartaee9.JakartaEE9PackageRenameRule">
	<or flagOnce="true">
		<detectPackage names="javax.activation,
							 javax.annotation.security,
							 javax.annotation.sql,
							 javax.annotation,
							 javax.batch*,
							 javax.decorator,
							 javax.ejb*,
							 javax.el,
							 javax.enterprise*,
							 javax.faces*,
							 javax.inject,
							 javax.interceptor,
							 javax.jms,
							 javax.json*,
							 javax.jws*,
							 javax.mail*,
							 javax.persistence*,
							 javax.resource*,
							 javax.security*,
							 javax.servlet*,
							 javax.transaction,
							 javax.validation*,
							 javax.websocket*,
							 javax.ws*,
							 javax.xml.bind*,
							 javax.xml.soap,
							 javax.xml.ws*"/>
		<detectStringLiteral>
			<literal value="http://xmlns\.jcp\.org/xml/ns/javaee"/>
			<literal value="javax\.servlet\..*"/>
			<literal value="/?javax\.faces(\..*|)"/>
			<literal value="/javax/servlet/.*"/>
			<literal value="javax\.resource\..*"/>
			<literal value=".*javax\.batch\..*"/>
			<literal value="javax\.jms\..*"/>
			<literal value="javax\.enterprise\..*"/>
			<literal value="javax\.xml\.soap(\..*|)"/>
			<literal value="javax\.xml\.bind(\..*|)"/>
			<literal value="javax/xml/bind/JAXBContext\.class"/>
			<literal value="com\.sun\.xml\.bind\.defaultNamespaceRemap"/>
			<literal value="com\.sun\.xml\.internal\.bind\.defaultNamespaceRemap"/>
			<literal value="http://java\.sun\.com/xml/ns/jaxb"/>
			<literal value="javax\.xml\.ws(\..*|)"/>
			<literal value="javax\.jws\..*"/>
			<literal value="com\.ibm\.xml\.xlxp2\.jaxb\.JAXBContextFactory"/>
			<literal value="com\.sun\.xml\.bind\.v2\.ContextFactory"/>
			<literal value="javax\.annotation\.security\.RolesAllowed"/>
			<literal value="javax\.ejb\..*"/>
			<literal value="javax\.ws\.rs\..*"/>
			<literal value="javax\.enterprise\.concurrent\..*"/>
			<literal value="javax\.persistence\..*"/>
 			<literal value="http://xmlns\.jcp\.org/xml/ns/persistence"/>
 			<literal value="javax\.json\.stream\.JsonGenerator\.prettyPrinting"/>
 			<literal value="javax\.security\..*"/>
 			<literal value="javax\.transaction\..*"/>
 			<literal value="javax\.validation\.constraints\.Min"/>
		</detectStringLiteral>
		<!-- This XML detection is not necessarily comprehensive -->
		<detectAttribute tags="property" attributeName="name" attributeValue="javax\.persistence.*">
			<xmlFile pattern="META-INF/persistence.xml"/>
		</detectAttribute>
		<detectAttribute tags="persistence" attributeName="xmlns" attributeValue="http://xmlns\.jcp\.org">
			<xmlFile pattern="META-INF/persistence.xml"/>
		</detectAttribute>
		<detectAttribute tags="persistence" attributeName="xsi:schemaLocation" attributeValue="http://xmlns\.jcp\.org/xml/ns/persistence.*">
			<xmlFile pattern="META-INF/persistence.xml"/>
		</detectAttribute>
		<detectAttribute tags="web-app" attributeName="xmlns" attributeValue="http://xmlns\.jcp\.org/xml/ns/javaee">
			<xmlFile pattern="WEB-INF/web.xml"/>
			<xmlFile pattern="META-INF/web-fragment.xml"/>
		</detectAttribute>
		<detectAttribute tags="web-app" attributeName="xsi:schemaLocation" attributeValue="http://xmlns\.jcp\.org/xml/ns/javaee.*">
			<xmlFile pattern="WEB-INF/web.xml"/>
			<xmlFile pattern="META-INF/web-fragment.xml"/>
		</detectAttribute>
		<detectAttribute tags="ejb-jar" attributeName="xmlns" attributeValue="http://xmlns\.jcp\.org/xml/ns/javaee">
			<xmlFile pattern="META-INF/ejb-jar.xml"/>
		</detectAttribute>
		<detectAttribute tags="ejb-jar" attributeName="xsi:schemaLocation" attributeValue="http://xmlns\.jcp\.org/xml/ns/javaee.*">
			<xmlFile pattern="META-INF/ejb-jar.xml"/>
		</detectAttribute>
		<detectAttribute tags="faces-config" attributeName="xmlns" attributeValue="http://xmlns\.jcp\.org/xml/ns/javaee">
			<xmlFile pattern="/faces-config.xml"/>
		</detectAttribute>
		<detectAttribute tags="faces-config" attributeName="xsi:schemaLocation" attributeValue="http://xmlns\.jcp\.org/xml/ns/javaee.*">
			<xmlFile pattern="/faces-config.xml"/>
		</detectAttribute>
		<detectAttribute tags="beans" attributeName="xmlns" attributeValue="http://xmlns\.jcp\.org/xml/ns/javaee">
			<xmlFile pattern="/beans.xml"/>
		</detectAttribute>
		<detectAttribute tags="beans" attributeName="xsi:schemaLocation" attributeValue="http://xmlns\.jcp\.org/xml/ns/javaee.*">
			<xmlFile pattern="/beans.xml"/>
		</detectAttribute>
		<detectAttribute tags="application" attributeName="xmlns" attributeValue="http://xmlns\.jcp\.org/xml/ns/javaee">
			<xmlFile pattern="META-INF/application.xml"/>
		</detectAttribute>
		<detectAttribute tags="application" attributeName="xsi:schemaLocation" attributeValue="http://xmlns\.jcp\.org/xml/ns/javaee.*">
			<xmlFile pattern="META-INF/application.xml"/>
		</detectAttribute>
		<detectAttribute tags="permissions" attributeName="xmlns" attributeValue="http://xmlns\.jcp\.org/xml/ns/javaee">
			<xmlFile pattern="META-INF/permissions.xml"/>
		</detectAttribute>
		<detectAttribute tags="permissions" attributeName="xsi:schemaLocation" attributeValue="http://xmlns\.jcp\.org/xml/ns/javaee.*">
			<xmlFile pattern="META-INF/permissions.xml"/>
		</detectAttribute>
		<detectElement value="javax\.faces\..*">
			<xmlFile pattern="/faces-config.xml"/>
			<xmlFile pattern="WEB-INF/web.xml"/>
			<xmlFile pattern="META-INF/web-fragment.xml"/>
			<xmlFile pattern="META-INF/permissions.xml"/>
			<xmlFile pattern="META-INF/ejb-jar.xml"/>
			<xmlFile pattern="META-INF/application.xml"/>
			<xmlFile pattern="META-INF/application-client.xml"/>
		</detectElement>
		<detectElement value="javax\.ws\..*">
			<xmlFile pattern="/faces-config.xml"/>
			<xmlFile pattern="WEB-INF/web.xml"/>
			<xmlFile pattern="META-INF/web-fragment.xml"/>
			<xmlFile pattern="META-INF/permissions.xml"/>
			<xmlFile pattern="META-INF/ejb-jar.xml"/>
			<xmlFile pattern="META-INF/application.xml"/>
			<xmlFile pattern="META-INF/application-client.xml"/>
		</detectElement>
		<detectElement value="javax\.jms\..*">
			<xmlFile pattern="/faces-config.xml"/>
			<xmlFile pattern="WEB-INF/web.xml"/>
			<xmlFile pattern="META-INF/web-fragment.xml"/>
			<xmlFile pattern="META-INF/permissions.xml"/>
			<xmlFile pattern="META-INF/ejb-jar.xml"/>
			<xmlFile pattern="META-INF/application.xml"/>
			<xmlFile pattern="META-INF/application-client.xml"/>
		</detectElement>
		<detectElement value="javax\.enterprise\..*">
			<xmlFile pattern="/faces-config.xml"/>
			<xmlFile pattern="WEB-INF/web.xml"/>
			<xmlFile pattern="META-INF/web-fragment.xml"/>
			<xmlFile pattern="META-INF/permissions.xml"/>
			<xmlFile pattern="META-INF/ejb-jar.xml"/>
			<xmlFile pattern="META-INF/application.xml"/>
			<xmlFile pattern="META-INF/application-client.xml"/>
		</detectElement>
		<detectElement value="javax\.transaction\..*">
			<xmlFile pattern="/faces-config.xml"/>
			<xmlFile pattern="WEB-INF/web.xml"/>
			<xmlFile pattern="META-INF/web-fragment.xml"/>
			<xmlFile pattern="META-INF/permissions.xml"/>
			<xmlFile pattern="META-INF/ejb-jar.xml"/>
			<xmlFile pattern="META-INF/application.xml"/>
			<xmlFile pattern="META-INF/application-client.xml"/>
		</detectElement>
		<detectElement value="javax\.mail\..*">
			<xmlFile pattern="/faces-config.xml"/>
			<xmlFile pattern="WEB-INF/web.xml"/>
			<xmlFile pattern="META-INF/web-fragment.xml"/>
			<xmlFile pattern="META-INF/permissions.xml"/>
			<xmlFile pattern="META-INF/ejb-jar.xml"/>
			<xmlFile pattern="META-INF/application.xml"/>
			<xmlFile pattern="META-INF/application-client.xml"/>
		</detectElement>
		<detectElement value="javax\.ejb\..*">
			<xmlFile pattern="/faces-config.xml"/>
			<xmlFile pattern="WEB-INF/web.xml"/>
			<xmlFile pattern="META-INF/web-fragment.xml"/>
			<xmlFile pattern="META-INF/permissions.xml"/>
			<xmlFile pattern="META-INF/ejb-jar.xml"/>
			<xmlFile pattern="META-INF/application.xml"/>
			<xmlFile pattern="META-INF/application-client.xml"/>
		</detectElement>
		<detectElement value="javax\.persistence\..*">
			<xmlFile pattern="/faces-config.xml"/>
			<xmlFile pattern="WEB-INF/web.xml"/>
			<xmlFile pattern="META-INF/web-fragment.xml"/>
			<xmlFile pattern="META-INF/permissions.xml"/>
			<xmlFile pattern="META-INF/ejb-jar.xml"/>
			<xmlFile pattern="META-INF/application.xml"/>
			<xmlFile pattern="META-INF/application-client.xml"/>
		</detectElement>
		<detectElement value="javax\.resource\..*">
			<xmlFile pattern="/faces-config.xml"/>
			<xmlFile pattern="WEB-INF/web.xml"/>
			<xmlFile pattern="META-INF/web-fragment.xml"/>
			<xmlFile pattern="META-INF/permissions.xml"/>
			<xmlFile pattern="META-INF/ejb-jar.xml"/>
			<xmlFile pattern="META-INF/application.xml"/>
			<xmlFile pattern="META-INF/application-client.xml"/>
		</detectElement>
		<detectElement value="javax\.management\..*">
			<xmlFile pattern="/faces-config.xml"/>
			<xmlFile pattern="WEB-INF/web.xml"/>
			<xmlFile pattern="META-INF/web-fragment.xml"/>
			<xmlFile pattern="META-INF/permissions.xml"/>
			<xmlFile pattern="META-INF/ejb-jar.xml"/>
			<xmlFile pattern="META-INF/application.xml"/>
			<xmlFile pattern="META-INF/application-client.xml"/>
		</detectElement>
		<detectElement value="javax\.security\..*">
			<xmlFile pattern="/faces-config.xml"/>
			<xmlFile pattern="WEB-INF/web.xml"/>
			<xmlFile pattern="META-INF/web-fragment.xml"/>
			<xmlFile pattern="META-INF/permissions.xml"/>
			<xmlFile pattern="META-INF/ejb-jar.xml"/>
			<xmlFile pattern="META-INF/application.xml"/>
			<xmlFile pattern="META-INF/application-client.xml"/>
		</detectElement>
	</or>
</rule>