<?xml version="1.0" encoding="UTF-8"?>
<!--
***************************************************************************
* Licensed Materials - Property of IBM                                    *
* (C) Copyright IBM Corp. 2022. All Rights Reserved.                      *
*                                                                         *
* US Government Users Restricted Rights - Use, duplication or disclosure  *
* restricted by GSA ADP Schedule Contract with IBM Corp.                  *
*************************************************************************** 
-->
<rules xmlns="http://websphere.ibm.com/xml/ns/wamt/binary-scanner-rule-list" xmlns:xsi="http://www.w3.org/2001/XMLSchema-instance"
    xsi:schemaLocation="http://websphere.ibm.com/xml/ns/wamt/binary-scanner-rule-list ../binary-scanner-rule-list_1_0.xsd"  mainCategory="com.ibm.ws.report.binary.jakartaee9.category" secondaryCategory="com.ibm.ws.report.binary.jakartaee9.restfulws.category">
    <rule fileName="DetectCDIBeanDefiningAnnotations.xml" help="/ruleinfo/report/binary/jakartaee9/restfulws/DetectCDIBeanDefiningAnnotations.html" severity="info" devCost="0" instanceCost="0"/>
    <rule fileName="DetectApplicationGetSingletonsMethod.xml" help="/ruleinfo/report/binary/jakartaee9/restfulws/DetectApplicationGetSingletonsMethod.html" severity="warning" devCost="0.1" instanceCost="0.1"/>
	<rule fileName="ApplicationPathWildcardNoLongerAccepted.xml" help="/ruleinfo/report/binary/jakartaee9/restfulws/ApplicationPathWildcardNoLongerAccepted.html" severity="severe" devCost="0.1" instanceCost="0.1"/>
	<rule fileName="RemovedJSON4JObjectProvider.xml" help="/ruleinfo/report/binary/jakartaee9/restfulws/RemovedJSON4JObjectProvider.html" severity="warning" devCost="0" instanceCost="0"/>
	<rule fileName="BehaviorChangeGetRequestHeader.xml" help="/ruleinfo/report/binary/jakartaee9/restfulws/BehaviorChangeGetRequestHeader.html" severity="info" devCost="0" instanceCost="0"/>
	<rule className="com.ibm.ws.report.binary.rules.custom.ServersideAsyncSupportRequired" help="/ruleinfo/report/binary/jakartaee9/restfulws/ServersideAsyncSupportRequired.html" severity="warning" devCost="0" instanceCost="0"/>
	<rule fileName="BehaviorChangeResponseReadEntity.xml" help="/ruleinfo/report/binary/jakartaee9/restfulws/BehaviorChangeResponseReadEntity.html" severity="warning" devCost="0.1" instanceCost="0.1"/>
	<rule fileName="GetClassesBeanLocalInterfaces.xml" help="/ruleinfo/report/binary/jakartaee9/restfulws/GetClassesBeanLocalInterfaces.html" severity="info" devCost="0" instanceCost="0"/>
	<rule fileName="RemovedNullClientProperties.xml" help="/ruleinfo/report/binary/jakartaee9/restfulws/RemovedNullClientProperties.html" severity="severe" devCost="0.1" instanceCost="0.1"/>
	<rule fileName="DeprecatedClientProperties.xml" help="/ruleinfo/report/binary/jakartaee9/restfulws/DeprecatedClientProperties.html" severity="warning" devCost="0.1" instanceCost="0.1"/>
	<rule className="com.ibm.ws.report.binary.rules.custom.DetectConstructorInjectedResources" help="/ruleinfo/report/binary/jakartaee9/restfulws/DetectConstructorInjectedResources.html" severity="warning" devCost="0" instanceCost="0"/>
	<rule className="com.ibm.ws.report.binary.rules.custom.DetectSubresourceLocatorMethods" help="/ruleinfo/report/binary/jakartaee9/restfulws/DetectSubresourceLocatorMethods.html" severity="severe" devCost="0.1" instanceCost="0.1"/>
	<rule className="com.ibm.ws.report.binary.rules.custom.JakartaApplicationSubclassRequiresAnnotation" help="/ruleinfo/report/binary/jakartaee9/restfulws/DetectApplicationSubclassWithoutAnnotation.html" severity="severe" devCost="0.1" instanceCost="0.1"/>
</rules>