<?xml version="1.0" encoding="UTF-8"?>
<!--
***************************************************************************
* Licensed Materials - Property of IBM                                    *
* (C) Copyright IBM Corp. 2019, 2021. All Rights Reserved.                *
*                                                                         *
* US Government Users Restricted Rights - Use, duplication or disclosure  *
* restricted by GSA ADP Schedule Contract with IBM Corp.                  *
*************************************************************************** 
-->
<rules xmlns="http://websphere.ibm.com/xml/ns/wamt/binary-scanner-rule-list" xmlns:xsi="http://www.w3.org/2001/XMLSchema-instance"
    xsi:schemaLocation="http://websphere.ibm.com/xml/ns/wamt/binary-scanner-rule-list ../binary-scanner-rule-list_1_0.xsd"  mainCategory="appconversion.jre.category" secondaryCategory="appconversion.jre.17.category">
	<!-- General Overview -->
	<rule className="com.ibm.ws.report.binary.rules.custom.Java17GeneralInfoAndPotentialIssues" help="/ruleinfo/appconversion/jre/17/Java17GeneralInfoAndPotentialIssues.html" severity="info" devCost="0" instanceCost="0"/>

	<!-- Java12 -->
	<rule fileName="DetectLoadFromXMLMethod.xml" help="/ruleinfo/appconversion/jre/12/DetectLoadFromXMLMethod.html" severity="info" devCost="0" instanceCost="0"/>
	<rule fileName="DetectUserTimezoneProperty.xml" help="/ruleinfo/appconversion/jre/12/DetectUserTimezoneProperty.html" severity="info" devCost="0" instanceCost="0"/>
	<rule fileName="RemovedFileIOFinalizeMethods.xml" help="/ruleinfo/appconversion/jre/12/RemovedFileIOFinalizeMethods.html" severity="severe" devCost="1" instanceCost="0.1"/>
	<rule fileName="RemovedSecurityWarningClass.xml" help="/ruleinfo/appconversion/jre/12/RemovedSecurityWarningClass.html" severity="severe" devCost="0.25" instanceCost="0.1"/>
	<rule fileName="RemovedZipFinalizeMethods.xml" help="/ruleinfo/appconversion/jre/12/RemovedZipFinalizeMethods.html" severity="severe" devCost="1" instanceCost="0.1"/>
	
	<!-- Java13 -->
	<rule fileName="RemovedRuntimeTraceMethods.xml" help="/ruleinfo/appconversion/jre/13/RemovedRuntimeTraceMethods.html" severity="severe" devCost="1" instanceCost="0.1"/>
	<rule fileName="SunNetSslPackageUnavailable.xml" help="/ruleinfo/appconversion/jre/13/SunNetSslPackageUnavailable.html" severity="severe" devCost="2" instanceCost="0"/>
    <rule fileName="DeprecatedJavaxSecurityCert.xml" help="/ruleinfo/appconversion/jre/13/DeprecatedJavaxSecurityCert.html" severity="info" devCost="0" instanceCost="0"/>
	
	<!-- Java14 -->
	<rule fileName="RemovedPack200.xml" help="/ruleinfo/appconversion/jre/14/RemovedPack200.html" severity="severe" devCost="1" instanceCost="0"/>
	<rule fileName="RemovedAclPackage.xml" help="/ruleinfo/appconversion/jre/14/RemovedAclPackage.html" severity="severe" devCost="1" instanceCost="0"/>
	<rule fileName="RemovedSunNioCsMapSystemProperty.xml" help="/ruleinfo/appconversion/jre/14/RemovedSunNioCsMapSystemProperty.html" severity="severe" devCost="1" instanceCost="0"/>
	<rule fileName="DetectWeakNamedCurves.xml" help="/ruleinfo/appconversion/jre/14/DetectWeakNamedCurves.html" severity="severe" devCost="1" instanceCost="0"/>
	<rule fileName="RemovedJSObjectGetWindow.xml" help="/ruleinfo/appconversion/jre/14/RemovedJSObjectGetWindow.html" severity="severe" devCost=".5" instanceCost="0"/>
	<rule fileName="DeprecatedCountStackFramesMethod.xml" help="/ruleinfo/appconversion/jre/14/DeprecatedCountStackFramesMethod.html" severity="severe" devCost="0.5" instanceCost="0.1"/>
	<rule className="com.ibm.ws.report.binary.rules.custom.DetectWildcardRecord" help="/ruleinfo/appconversion/jre/14/DetectWildcardRecord.html" severity="info" devCost="0" instanceCost="0"/>
	
	<!-- Java15 -->
	<rule fileName="RemovedLegacySunJSSEProviderName.xml" help="/ruleinfo/appconversion/jre/15/RemovedLegacySunJSSEProviderName.html" severity="severe" devCost="0.25" instanceCost="0"/>
	<rule fileName="RemovedRMIConnectorServerCredentialTypesConstant.xml" help="/ruleinfo/appconversion/jre/15/RemovedRMIConnectorServerCredentialTypesConstant.html" severity="severe" devCost="0.5" instanceCost="0.1"/>
	<rule fileName="DatagramPacketGetPortDefaultChange.xml" help="/ruleinfo/appconversion/jre/15/DatagramPacketGetPortDefaultChange.html" severity="info" devCost="0" instanceCost="0"/>
	<rule fileName="RemovedSSLSessionGetPeerCertificateChainMethodImpl.xml" help="/ruleinfo/appconversion/jre/15/RemovedSSLSessionGetPeerCertificateChainMethodImpl.html" severity="severe" devCost="1" instanceCost="0.1"/>
	<rule fileName="RemovedModifierAndConstantBootstrapsConstructors.xml" help="/ruleinfo/appconversion/jre/15/RemovedModifierAndConstantBootstrapsConstructors.html" severity="severe" devCost="0.1" instanceCost="0.1"/>
	<rule fileName="RemovedSolarisSocketFlow.xml" help="/ruleinfo/appconversion/jre/15/RemovedSolarisSocketFlow.html" severity="severe" devCost="1" instanceCost="0.1"/>
	<rule fileName="DeprecatedRMIActivationPackage.xml" help="/ruleinfo/appconversion/jre/15/DeprecatedRMIActivationPackage.html" severity="severe" devCost="1" instanceCost="0" />
	<rule className="com.ibm.ws.report.binary.rules.custom.AddedCharSequenceIsEmptyDefaultMethod" help="/ruleinfo/appconversion/jre/15/AddedCharSequenceIsEmptyDefaultMethod.html" severity="info" devCost="0" instanceCost="0"/>
	
    <!-- Java16 -->
    <rule fileName="RemovedToolProviderConstructor.xml" help="/ruleinfo/appconversion/jre/16/RemovedToolProviderConstructor.html" severity="severe" devCost="0.1" instanceCost="0.1"/>
    <rule fileName="DeprecatedThreadGroupMethods.xml" help="/ruleinfo/appconversion/jre/16/DeprecatedThreadGroupMethods.html" severity="info" devCost="0" instanceCost="0"/>
    <rule fileName="DeprecatedSecurityCertAPIs.xml" help="/ruleinfo/appconversion/jre/16/DeprecatedSecurityCertAPIs.html" severity="info" devCost="0" instanceCost="0"/>
    <rule fileName="HttpPrincipalGetNameBehaviorChange.xml" help="/ruleinfo/appconversion/jre/16/HttpPrincipalGetNameBehaviorChange.html" severity="info" devCost="0" instanceCost="0"/>
    <rule fileName="RunJDeps.xml" help="/ruleinfo/appconversion/jre/189/RunJDeps.html" severity="warning" devCost="0" instanceCost="0"/>
	<rule fileName="LineNumberReaderBehaviorChange.xml" help="/ruleinfo/appconversion/jre/16/LineNumberReaderBehaviorChange.html" severity="info" devCost="0" instanceCost="0"/>
	<rule fileName="HttpClientUncheckedIOException.xml" help="/ruleinfo/appconversion/jre/16/HttpClientUncheckedIOException.html" severity="info" devCost="0" instanceCost="0"/>
    <rule fileName="DeprecatedLogRecordMethods.xml" help="/ruleinfo/appconversion/jre/16/DeprecatedLogRecordMethods.html" severity="info" devCost="0" instanceCost="0"/>
    <rule fileName="DeprecatedPrimitiveClassConstructors.xml" help="/ruleinfo/appconversion/jre/16/DeprecatedPrimitiveClassConstructors.html" severity="info" devCost="0" instanceCost="0"/>
    <rule className="com.ibm.ws.report.binary.rules.custom.AddedStreamToListDefaultMethod" help="/ruleinfo/appconversion/jre/16/AddedStreamToListDefaultMethod.html" severity="info" devCost="0" instanceCost="0"/>
	
	<!-- Java17 -->
	<rule fileName="DeprecatedSocketImplementationFactoryMechanism.xml" help="/ruleinfo/appconversion/jre/17/DeprecatedSocketImplementationFactoryMechanism.html" severity="info" devCost="0" instanceCost="0"/>
	<rule className="com.ibm.ws.report.binary.rules.custom.DeprecatedAppletAPI" help="/ruleinfo/appconversion/jre/17/DeprecatedAppletAPI.html" severity="info" devCost="0" instanceCost="0"/>
	<rule fileName="RegexBehaviorChange.xml" help="/ruleinfo/appconversion/jre/17/RegexBehaviorChange.html" severity="info" devCost="0" instanceCost="0"/>
	<rule fileName="RemovedDefineAnonymousClass.xml" help="/ruleinfo/appconversion/jre/17/RemovedDefineAnonymousClass.html" severity="severe" devCost="0.5" instanceCost="0.1"/>
	<rule fileName="AgentMainPreMainPublic.xml" help="/ruleinfo/appconversion/jre/17/AgentMainPreMainPublic.html" severity="severe" devCost="0.1" instanceCost="0"/>
	<rule fileName="RemovedSHA1Encryption.xml" help="/ruleinfo/appconversion/jre/17/RemovedSHA1Encryption.html" severity="info" devCost="0" instanceCost="0"/>
	<rule fileName="EJBRemotePotentialIssues.xml" help="/ruleinfo/appconversion/jre/17/EJBRemotePotentialIssues.html" severity="info" devCost="0" instanceCost="0"/>
</rules>
