<?xml version="1.0" encoding="UTF-8"?>
<!--
***************************************************************************
* Licensed Materials - Property of IBM                                    *
* (C) Copyright IBM Corp. 2017, 2021. All Rights Reserved.                *
*                                                                         *
* US Government Users Restricted Rights - Use, duplication or disclosure  *
* restricted by GSA ADP Schedule Contract with IBM Corp.                  *
*************************************************************************** 
-->
<rules xmlns="http://websphere.ibm.com/xml/ns/wamt/binary-scanner-rule-list" xmlns:xsi="http://www.w3.org/2001/XMLSchema-instance"
    xsi:schemaLocation="http://websphere.ibm.com/xml/ns/wamt/binary-scanner-rule-list ../binary-scanner-rule-list_1_0.xsd"  mainCategory="appconversion.jre.category" secondaryCategory="appconversion.jre.189.category">
	<rule fileName="AwtPeerPackageNotAccessible.xml" help="/ruleinfo/appconversion/jre/189/AwtPeerPackageNotAccessible.html" severity="severe" devCost="2" instanceCost="0.1"/>
	<rule fileName="ClassGetAnnotationMethod.xml" help="/ruleinfo/appconversion/jre/189/ClassGetAnnotationMethod.html" severity="warning" devCost="0.25" instanceCost="0.1"/>
	<rule fileName="CLDRLocaleDataByDefault.xml" help="/ruleinfo/appconversion/jre/189/CLDRLocaleDataByDefault.html" severity="info" devCost="0" instanceCost="0"/>
	<rule fileName="DatagramChannelSendMethod.xml" help="/ruleinfo/appconversion/jre/189/DatagramChannelSendMethod.html" severity="info" devCost="0" instanceCost="0"/>
	<rule fileName="DeprecatedRMIIIOPServerImplClass.xml" help="/ruleinfo/appconversion/jre/189/DeprecatedRMIIIOPServerImplClass.html" severity="severe" devCost="1" instanceCost="0.1"/>
	<rule fileName="DetectAWTGetPeerMethod.xml" help="/ruleinfo/appconversion/jre/189/DetectAWTGetPeerMethod.html" severity="severe" devCost="0.25" instanceCost="0.1"/>
	<rule fileName="DetectFilterArgumentsMethod.xml" help="/ruleinfo/appconversion/jre/189/DetectFilterArgumentsMethod.html" severity="info" devCost="0" instanceCost="0"/>
	<rule fileName="DetectJaxApiRawTypeMethods.xml" help="/ruleinfo/appconversion/jre/189/DetectJaxApiRawTypeMethods.html" severity="info" devCost="0" instanceCost="0"/>
	<rule fileName="DetectMBeanOperationInfoConstructor.xml" help="/ruleinfo/appconversion/jre/189/DetectMBeanOperationInfoConstructor.html" severity="severe" devCost="0.25" instanceCost="0.1"/>
	<rule fileName="FileIOCloseMethod.xml" help="/ruleinfo/appconversion/jre/189/FileIOCloseMethod.html" severity="info" devCost="0" instanceCost="0"/> 
	<rule fileName="ForkJoinCommonPoolThread.xml" help="/ruleinfo/appconversion/jre/189/ForkJoinCommonPoolThread.html" severity="info" devCost="0" instanceCost="0"/>
	<rule fileName="InternalBindContextFactory.xml" help="/ruleinfo/appconversion/jre/189/InternalBindContextFactory.html" severity="severe" devCost="0.25" instanceCost="0.1"/>
	<rule fileName="InternalBindPackages.xml" help="/ruleinfo/appconversion/jre/189/InternalBindPackages.html" severity="severe" devCost="0.25" instanceCost="0.1"/>
	<rule fileName="Java11VersionNumberChange.xml" help="/ruleinfo/appconversion/jre/189/Java11VersionNumberChange.html" severity="info" devCost="0" instanceCost="0"/>
	<rule fileName="Krb5LoginModuleClass.xml" help="/ruleinfo/appconversion/jre/189/Krb5LoginModuleClass.html" severity="severe" devCost="0.25" instanceCost="0.1"/>
	<rule fileName="Krb5LoginModuleConfigChanges.xml" help="/ruleinfo/appconversion/jre/189/Krb5LoginModuleConfigChanges.html" severity="warning" devCost="0.25" instanceCost="0.1"/>
	<rule fileName="RemovedComSunClasses.xml" help="/ruleinfo/appconversion/jre/189/RemovedComSunClasses.html" severity="severe" devCost="1" instanceCost="0.1"/>
	<rule fileName="RemovedDOMAPIs.xml" help="/ruleinfo/appconversion/jre/189/RemovedDOMAPIs.html" severity="severe" devCost="1" instanceCost="0.1"/>
	<rule fileName="RemovedExemptionMechanismFinalizeMethod.xml" help="/ruleinfo/appconversion/jre/189/RemovedExemptionMechanismFinalizeMethod.html" severity="severe" devCost="0.5" instanceCost="0.1"/>
	<rule fileName="RemovedJavaFX.xml" help="/ruleinfo/appconversion/jre/189/RemovedJavaFX.html" severity="warning" devCost="0.5" instanceCost="0.1"/>
	<rule fileName="RemovedJDKExported.xml" help="/ruleinfo/appconversion/jre/189/RemovedJDKExported.html" severity="severe" devCost="1" instanceCost="0.1"/>
	<rule fileName="RemovedJPEGPackage.xml" help="/ruleinfo/appconversion/jre/189/RemovedJPEGPackage.html" severity="severe" devCost="2" instanceCost="0.1"/>
	<rule fileName="RemovedLocalizedStreamMethods.xml" help="/ruleinfo/appconversion/jre/189/RemovedLocalizedStreamMethods.html" severity="severe" devCost="1" instanceCost="0.1"/>
	<rule fileName="RemovedLogManagerPropertyChangeListenerMethods.xml" help="/ruleinfo/appconversion/jre/189/RemovedPropertyChangeListenerMethods.html" severity="severe" devCost="1" instanceCost="0.1"/>
	<rule fileName="RemovedLookAndFeelStrings.xml" help="/ruleinfo/appconversion/jre/189/RemovedLookAndFeelStrings.html" severity="warning" devCost="0.5" instanceCost="0"/>
	<rule fileName="RemovedNetdocURLProtocol.xml" help="/ruleinfo/appconversion/jre/189/RemovedNetdocURLProtocol.html" severity="severe" devCost="1" instanceCost="0.1"/>
	<rule fileName="RemovedPolicyClass.xml" help="/ruleinfo/appconversion/jre/189/RemovedPolicyClass.html" severity="severe" devCost="1" instanceCost="0.1"/>
	<rule fileName="RemovedSecurityManagerMethods.xml" help="/ruleinfo/appconversion/jre/189/RemovedSecurityManagerMethods.html" severity="severe" devCost="1" instanceCost="0.1"/>
	<rule fileName="RemovedSunAPIs.xml" help="/ruleinfo/appconversion/jre/189/RemovedSunAPIs.html" severity="severe" devCost="2" instanceCost="0.1"/>
	<rule fileName="RemovedTransactionModule.xml" help="/ruleinfo/appconversion/jre/189/RemovedTransactionModule.html" severity="info" devCost="0" instanceCost="0"/>
	<rule fileName="RemovedWebStart.xml" help="/ruleinfo/appconversion/jre/189/RemovedWebStart.html" severity="warning" devCost="0.5" instanceCost="0"/>
	<rule fileName="RunFinalizersOnExitMethod.xml" help="/ruleinfo/appconversion/jre/189/RunFinalizersOnExitMethod.html" severity="severe" devCost="1" instanceCost="0.1"/>
	
	<rule fileName="SelectorReadinessInfo.xml" help="/ruleinfo/appconversion/jre/189/SelectorReadinessInfo.html" severity="info" devCost="0" instanceCost="0"/>
	<rule fileName="SelectorThreadSafe.xml" help="/ruleinfo/appconversion/jre/189/SelectorThreadSafe.html" severity="info" devCost="0" instanceCost="0"/>
	<rule fileName="SeperateBlockingAndNonBlockingIOPaths.xml" help="/ruleinfo/appconversion/jre/189/SeperateBlockingAndNonBlockingIOPaths.html" severity="info" devCost="0" instanceCost="0"/>
	<rule fileName="ThreadPoolFinalizeMethod.xml" help="/ruleinfo/appconversion/jre/189/ThreadPoolFinalizeMethod.html" severity="warning" devCost="0.25" instanceCost="0.1"/>
	<rule fileName="ThreadStopDestroy.xml" help="/ruleinfo/appconversion/jre/189/ThreadStopDestroy.html" severity="severe" devCost="1" instanceCost="0.1"/>
	<rule fileName="URLClassLoaderArrayContainsNull.xml" help="/ruleinfo/appconversion/jre/189/URLClassLoaderArrayContainsNull.html" severity="info" devCost="0" instanceCost="0"/>
	<rule className="com.ibm.ws.report.binary.rules.custom.ReferenceCloneMethod" help="/ruleinfo/appconversion/jre/189/ReferenceCloneMethod.html" severity="severe" devCost="0.5" instanceCost="0.1"/>
	<rule className="com.ibm.ws.report.binary.rules.custom.RemovedJaxBModuleNotProvided" help="/ruleinfo/appconversion/jre/189/RemovedJaxBModuleNotProvided.html" severity="info" devCost="0" instanceCost="0"/>
	<rule className="com.ibm.ws.report.binary.rules.custom.RemovedJaxBModuleProvided" help="/ruleinfo/appconversion/jre/189/RemovedJaxBModuleProvided.html" severity="warning" devCost="0.5" instanceCost="0.1"/>
</rules>