<?xml version="1.0" encoding="UTF-8"?>
<!--
***************************************************************************
* Licensed Materials - Property of IBM                                    *
* (C) Copyright IBM Corp. 2015, 2021. All Rights Reserved.                *
*                                                                         *
* US Government Users Restricted Rights - Use, duplication or disclosure  *
* restricted by GSA ADP Schedule Contract with IBM Corp.                  *
*************************************************************************** 
-->
<rules xmlns="http://websphere.ibm.com/xml/ns/wamt/binary-scanner-rule-list" xmlns:xsi="http://www.w3.org/2001/XMLSchema-instance"
    xsi:schemaLocation="http://websphere.ibm.com/xml/ns/wamt/binary-scanner-rule-list ../binary-scanner-rule-list_1_0.xsd"  mainCategory="appconversion.javaee7.category" secondaryCategory="appconversion.javaee7.servlet.category">
	<rule fileName="AsyncContextDispatchBehaviorChange.xml" help="/ruleinfo/appconversion/javaee7/servlet/AsyncContextDispatchBehaviorChange.html" severity="info" devCost="0" instanceCost="0"/>
	<rule fileName="DuplicateWebDescriptorsBehaviorChange.xml" help="/ruleinfo/appconversion/javaee7/servlet/DuplicateWebDescriptorsBehaviorChange.html" severity="severe" devCost="1" instanceCost="0.1"/>
	<rule fileName="GetServerInfoBehaviorChange.xml" help="/ruleinfo/appconversion/javaee7/servlet/GetServerInfoBehaviorChange.html" severity="info" devCost="0" instanceCost="0"/>
	<rule fileName="SendRedirectBehaviorChange.xml" help="/ruleinfo/appconversion/javaee7/servlet/SendRedirectBehaviorChange.html" severity="info" devCost="0" instanceCost="0"/>
	<rule fileName="SetCommentBehaviorChange.xml" help="/ruleinfo/appconversion/javaee7/servlet/SetCommentBehaviorChange.html" severity="info" devCost="0" instanceCost="0"/>
	<rule className="com.ibm.ws.report.binary.rules.custom.AbsoluteOrderingBehaviorChange" help="/ruleinfo/appconversion/javaee7/servlet/AbsoluteOrderingBehaviorChange.html" severity="info" devCost="0" instanceCost="0"/>
	<rule className="com.ibm.ws.report.binary.rules.custom.ExtendsServletInputOutputStream" help="/ruleinfo/appconversion/javaee7/servlet/ExtendsServletInputOutputStream.html" severity="info" devCost="0" instanceCost="0"/>
	<rule className="com.ibm.ws.report.binary.rules.custom.InjectionTarget" help="/ruleinfo/appconversion/javaee7/servlet/InjectionTarget.html" severity="info" devCost="0" instanceCost="0"/>
	<rule className="com.ibm.ws.report.binary.rules.custom.ServletContextListenerBehaviorChange" help="/ruleinfo/appconversion/javaee7/servlet/ServletContextListenerBehaviorChange.html" severity="info" devCost="0" instanceCost="0"/>
	<rule className="com.ibm.ws.report.binary.rules.custom.URLPatternMapping" help="/ruleinfo/appconversion/javaee7/servlet/URLPatternMapping.html" severity="warning" devCost="0.25" instanceCost="0.1"/>
</rules>