<?xml version="1.0" encoding="UTF-8"?>
<!--
***************************************************************************
* Licensed Materials - Property of IBM                                    *
* (C) Copyright IBM Corp. 2015, 2021. All Rights Reserved.                *
*                                                                         *
* US Government Users Restricted Rights - Use, duplication or disclosure  *
* restricted by GSA ADP Schedule Contract with IBM Corp.                  *
*************************************************************************** 
-->
<rules xmlns="http://websphere.ibm.com/xml/ns/wamt/binary-scanner-rule-list" xmlns:xsi="http://www.w3.org/2001/XMLSchema-instance"
    xsi:schemaLocation="http://websphere.ibm.com/xml/ns/wamt/binary-scanner-rule-list ../binary-scanner-rule-list_1_0.xsd"  mainCategory="appconversion.jre.category" secondaryCategory="appconversion.jre.170.category">
	<rule fileName="JREAwtExceptionHandler.xml" help="/ruleinfo/appconversion/jre/170/JREAwtExceptionHandler.html" severity="info" devCost="0" instanceCost="0"/>
	<rule fileName="JRECheckIsLowerCaseIsUpperCase.xml" help="/ruleinfo/appconversion/jre/170/JREcheckisLowerCaseisUpperCase.html" severity="info" devCost="0" instanceCost="0"/>
	<rule fileName="JREDatagramChannelMethodBehavior.xml" help="/ruleinfo/appconversion/jre/170/JREDatagramChannelMethods.html" severity="info" devCost="0" instanceCost="0"/>
	<rule fileName="JREFileSetReadOnlySetWritableForDirectory.xml" help="/ruleinfo/appconversion/jre/170/JREFileSetReadOnlySetWritableForDirectory.html" severity="info" devCost="0" instanceCost="0"/>
	<rule fileName="JREJdbcInterfaceNewMethods.xml" help="/ruleinfo/appconversion/jre/170/JREJdbcInterfaceNewMethods.html" severity="info" devCost="0" instanceCost="0"/>
	<rule fileName="JRELinkedHashMapEntry.xml" help="/ruleinfo/appconversion/jre/170/JRELinkedHashMapEntry.html" severity="severe" devCost="1" instanceCost="0.1"/>
	<rule fileName="JRELocaleGetDefault.xml" help="/ruleinfo/appconversion/jre/170/JRELocaleGetDefault.html" severity="info" devCost="0" instanceCost="0"/>
	<rule fileName="JREMouseEventGetButton.xml" help="/ruleinfo/appconversion/jre/170/JREMouseEventGetButton.html" severity="info" devCost="0" instanceCost="0"/>
	<rule fileName="JREPath2dGetPathIterator.xml" help="/ruleinfo/appconversion/jre/170/JREPath2dGetPathIterator.html" severity="severe" devCost="0.25" instanceCost="0.1"/>
	<rule fileName="JREThreadGroupSetMaxPriority.xml" help="/ruleinfo/appconversion/jre/170/JREThreadGroupSetMaxPriority.html" severity="info" devCost="0" instanceCost="0"/>
	<rule fileName="JREThrowableFinalMethods.xml" help="/ruleinfo/appconversion/jre/170/JREThrowableFinalMethods.html" severity="severe" devCost="0.1" instanceCost="0.1"/>
	<rule fileName="JREToolkitGetPrintJob.xml" help="/ruleinfo/appconversion/jre/170/JREToolkitGetPrintJob.html" severity="info" devCost="0" instanceCost="0"/>
	<rule fileName="JRETreeSetTreeMapNPE.xml" help="/ruleinfo/appconversion/jre/170/JRETreeSetTreeMapNPE.html" severity="info" devCost="0" instanceCost="0"/>
	<rule fileName="JRETypeVisitorInterfaceNewMethod.xml" help="/ruleinfo/appconversion/jre/170/JRETypeVisitorInterfaceNewMethod.html" severity="info" devCost="0" instanceCost="0"/>
	<rule fileName="JREUrlConnectionGetInputStream.xml" help="/ruleinfo/appconversion/jre/170/JREUrlConnectionGetInputStream.html" severity="info" devCost="0" instanceCost="0"/>
	<rule fileName="JREWindowSetBackground.xml" help="/ruleinfo/appconversion/jre/170/JREWindowSetBackground.html" severity="info" devCost="0" instanceCost="0"/>
	<rule fileName="JREXSLTProcessorApplet.xml" help="/ruleinfo/appconversion/jre/170/JREXSLTProcessorApplet.html" severity="severe" devCost="2" instanceCost="0.1"/>
</rules>