<?xml version="1.0" encoding="UTF-8"?>
<!--
***************************************************************************
* Licensed Materials - Property of IBM                                    *
* (C) Copyright IBM Corp. 2015, 2021. All Rights Reserved.                *
*                                                                         *
* US Government Users Restricted Rights - Use, duplication or disclosure  *
* restricted by GSA ADP Schedule Contract with IBM Corp.                  *
*************************************************************************** 
-->
<rules xmlns="http://websphere.ibm.com/xml/ns/wamt/binary-scanner-rule-list" xmlns:xsi="http://www.w3.org/2001/XMLSchema-instance"
    xsi:schemaLocation="http://websphere.ibm.com/xml/ns/wamt/binary-scanner-rule-list ../binary-scanner-rule-list_1_0.xsd"  mainCategory="appconversion.jre.category" secondaryCategory="appconversion.jre.180.category">
	<rule fileName="AwtFocusTraversalKeys.xml" help="/ruleinfo/appconversion/jre/180/JRE8AwtFocusTraversalKeys.html" severity="info" devCost="0" instanceCost="0"/>
	<rule fileName="BigDecimalStripTrailingZeros.xml" help="/ruleinfo/appconversion/jre/180/JRE8BigDecimalStripTrailingZeros.html" severity="info" devCost="0" instanceCost="0"/>
	<rule fileName="CollectionMethods.xml" help="/ruleinfo/appconversion/jre/180/JRE8CollectionMethods.html" severity="info" devCost="0" instanceCost="0"/>
	<rule fileName="DatagramPacketConstructor.xml" help="/ruleinfo/appconversion/jre/180/JRE8DatagramPacketConstructor.html" severity="info" devCost="0" instanceCost="0"/>
	<rule fileName="ExtendConcurrentHashMap.xml" help="/ruleinfo/appconversion/jre/180/JRE8ExtendConcurrentHashMap.html" severity="info" devCost="0" instanceCost="0"/>
	<rule fileName="ExtendLocaleServiceProvider.xml" help="/ruleinfo/appconversion/jre/180/JRE8ExtendLocaleServiceProvider.html" severity="info" devCost="0" instanceCost="0"/>
	<rule fileName="JAXPProviderClassLoading.xml" help="/ruleinfo/appconversion/jre/180/JRE8JAXPProviderClassloading.html" severity="info" devCost="0" instanceCost="0"/>
	<rule fileName="MonthFormattingNames.xml" help="/ruleinfo/appconversion/jre/180/JRE8MonthFormattingNames.html" severity="info" devCost="0" instanceCost="0"/>
	<rule fileName="MXBeanRule.xml" help="/ruleinfo/appconversion/jre/180/JRE8MBeanNonPublic.html" severity="warning" devCost="0.1" instanceCost="0.1"/>
	<rule fileName="NumberFormatRounding.xml" help="/ruleinfo/appconversion/jre/180/JRE8NumberFormatRounding.html" severity="info" devCost="0" instanceCost="0"/>
	<rule fileName="ProxyConstructor.xml" help="/ruleinfo/appconversion/jre/180/JRE8ProxyConstructor.html" severity="info" devCost="0" instanceCost="0"/>
	<rule className="com.ibm.ws.report.binary.rules.custom.ProxyNonPublic" help="/ruleinfo/appconversion/jre/180/JRE8ProxyNonPublic.html" severity="info" devCost="0" instanceCost="0"/>
	<rule fileName="RemovedSunIOAPI.xml" help="/ruleinfo/appconversion/jre/180/JRE8RemovedSunIOAPI.html" severity="severe" devCost="2" instanceCost="0.1"/>
	<rule fileName="StringSplit.xml" help="/ruleinfo/appconversion/jre/180/JRE8StringSplit.html" severity="info" devCost="0" instanceCost="0"/>
	<rule fileName="ThreadStopThrowable.xml" help="/ruleinfo/appconversion/jre/180/JREThreadStopThrowable.html" severity="severe" devCost="0.5" instanceCost="0.1"/>
	<rule fileName="TypeVisitorInterfaceNewMethod.xml" help="/ruleinfo/appconversion/jre/180/JRE8TypeVisitorInterfaceNewMethod.html" severity="info" devCost="0" instanceCost="0"/>
</rules>