<!--
***************************************************************************
* Licensed Materials - Property of IBM                                    *
* (C) Copyright IBM Corp. 2015, 2021. All Rights Reserved.                *
*                                                                         *
* US Government Users Restricted Rights - Use, duplication or disclosure  *
* restricted by GSA ADP Schedule Contract with IBM Corp.                  *
*************************************************************************** 
-->
<rules xmlns="http://websphere.ibm.com/xml/ns/wamt/binary-scanner-rule-list" xmlns:xsi="http://www.w3.org/2001/XMLSchema-instance"
    xsi:schemaLocation="http://websphere.ibm.com/xml/ns/wamt/binary-scanner-rule-list ../binary-scanner-rule-list_1_0.xsd"  mainCategory="appconversion.javaee7.category" secondaryCategory="appconversion.javaee7.jpa.category">
	<rule fileName="JpaOrmXml.xml" help="/ruleinfo/appconversion/javaee7/jpa/OrmXml.html" severity="warning" devCost="1" instanceCost="0.1"/>
	<rule fileName="OpenJPAConfigurationProperties.xml" help="/ruleinfo/appconversion/javaee7/jpa/OpenJpaConfigurationProperties.html" severity="severe" devCost="2" instanceCost="0.1"/>
	<rule fileName="OpenJPALockManager.xml" help="/ruleinfo/appconversion/javaee7/jpa/OpenJPALockManager.html" severity="severe" devCost="1" instanceCost="0.1"/>	
	<rule fileName="OpenJPAPackages.xml" help="/ruleinfo/appconversion/javaee7/jpa/OpenJPAPackages.html" severity="severe" devCost="2.5" instanceCost="0"/>
	<rule fileName="OpenJPAPersistenceProvider.xml" help="/ruleinfo/appconversion/javaee7/jpa/OpenJPAPersistenceProvider.html" severity="severe" devCost="0.25" instanceCost="0.1"/>
	<rule fileName="OpenJPASchemaProperty.xml" help="/ruleinfo/appconversion/javaee7/jpa/OpenJpaJdbcSchemaConfigurationProperty.html" severity="severe" devCost="0.25" instanceCost="0.1"/>
	<rule fileName="OpenJpaString.xml" help="/ruleinfo/appconversion/javaee7/jpa/OpenJpaString.html" severity="severe" devCost="2" instanceCost="0.1"/>
	<rule fileName="PersistenceCapableImplementation.xml" help="/ruleinfo/appconversion/javaee7/jpa/PersistenceCapableImplementation.html" severity="severe" devCost="1" instanceCost="0"/>
	<rule className="com.ibm.ws.report.binary.rules.custom.JpaCacheProperties" help="/ruleinfo/appconversion/javaee7/jpa/JpaCacheBehavior.html" severity="warning" devCost="0.25" instanceCost="0.1"/>
</rules>