<?xml version="1.0" encoding="UTF-8"?>
<!--
***************************************************************************
* Licensed Materials - Property of IBM                                    *
* (C) Copyright IBM Corp. 2015, 2021. All Rights Reserved.                *
*                                                                         *
* US Government Users Restricted Rights - Use, duplication or disclosure  *
* restricted by GSA ADP Schedule Contract with IBM Corp.                  *
*************************************************************************** 
-->
<rules xmlns="http://websphere.ibm.com/xml/ns/wamt/binary-scanner-rule-list" xmlns:xsi="http://www.w3.org/2001/XMLSchema-instance"
    xsi:schemaLocation="http://websphere.ibm.com/xml/ns/wamt/binary-scanner-rule-list ../binary-scanner-rule-list_1_0.xsd"  mainCategory="appconversion.javaee7.category" secondaryCategory="appconversion.javaee7.jaxrs.category">
	<rule fileName="AtomNotAvailable.xml" help="/ruleinfo/appconversion/javaee7/jaxrs/AtomNotAvailable.html" severity="severe" devCost="0.5" instanceCost="0"/>
	<rule fileName="AuthSecurityHandler.xml" help="/ruleinfo/appconversion/javaee7/jaxrs/AuthSecurityHandler.html" severity="severe" devCost="0.5" instanceCost="0.1"/>
	<rule fileName="IBMRestFilter.xml" help="/ruleinfo/appconversion/javaee7/jaxrs/IBMRestFilterClass.html" severity="severe" devCost="0.25" instanceCost="0.1"/>
	<rule fileName="JacksonPackages.xml" help="/ruleinfo/appconversion/javaee7/jaxrs/JacksonPackages.html" severity="warning" devCost="0" instanceCost="0"/>
	<rule fileName="WinkAPIReplaced.xml" help="/ruleinfo/appconversion/javaee7/jaxrs/WinkAPIReplaced.html" severity="severe" devCost="2.5" instanceCost="0.1"/>
	<rule fileName="WinkClientReplaced.xml" help="/ruleinfo/appconversion/javaee7/jaxrs/WinkClientReplaced.html" severity="severe" devCost="3.5" instanceCost="0"/>
	<rule fileName="WinkProvidedAndUsed.xml" help="/ruleinfo/appconversion/javaee7/jaxrs/WinkPackagesProvided.html" severity="severe" devCost="1" instanceCost="0"/>
	<rule fileName="WinkUnavailableAPIs.xml" help="/ruleinfo/appconversion/javaee7/jaxrs/WinkUnavailableAPIs.html" severity="severe" devCost="0.5" instanceCost="0"/>
	<rule className="com.ibm.ws.report.binary.rules.custom.SSLUse" help="/ruleinfo/appconversion/javaee7/jaxrs/SSLUse.html" severity="warning" devCost="0.5" instanceCost="0"/>
	<rule className="com.ibm.ws.report.binary.rules.custom.ConsumesAndProducesAnnoCheck" help="/ruleinfo/appconversion/javaee7/jaxrs/ConsumesAndProducesAnnoCheck.html" severity="info" devCost="0" instanceCost="0"/>
	<rule className="com.ibm.ws.report.binary.rules.custom.LocalAnnoCheck" help="/ruleinfo/appconversion/javaee7/jaxrs/LocalAnnoCheck.html" severity="info" devCost="0" instanceCost="0"/>
</rules>