<?xml version="1.0" encoding="UTF-8"?>
<!--
***************************************************************************
* Licensed Materials - Property of IBM                                    *
* (C) Copyright IBM Corp. 2015, 2021. All Rights Reserved.                *
*                                                                         *
* US Government Users Restricted Rights - Use, duplication or disclosure  *
* restricted by GSA ADP Schedule Contract with IBM Corp.                  *
*************************************************************************** 
-->
<rules xmlns="http://websphere.ibm.com/xml/ns/wamt/binary-scanner-rule-list" xmlns:xsi="http://www.w3.org/2001/XMLSchema-instance"
    xsi:schemaLocation="http://websphere.ibm.com/xml/ns/wamt/binary-scanner-rule-list ../binary-scanner-rule-list_1_0.xsd"  mainCategory="appconversion.javaee7.category" secondaryCategory="appconversion.javaee7.cdi.category">
	<rule className="com.ibm.ws.report.binary.rules.custom.BeansXmlElementsNotEnabled" help="/ruleinfo/appconversion/javaee7/cdi/BeansXmlElementsNotEnabled.html" severity="warning" devCost="0.25" instanceCost="0.1"/>
	<rule className="com.ibm.ws.report.binary.rules.custom.ImplicitCDIBehaviorChange" help="/ruleinfo/appconversion/javaee7/cdi/ImplicitCDIBehaviorChange.html" severity="info" devCost="0" instanceCost="0"/>
	<rule className="com.ibm.ws.report.binary.rules.custom.InterceptorBindingAnnotationCheck" help="/ruleinfo/appconversion/javaee7/cdi/InterceptorBindingAnnotationCheck.html" severity="severe" devCost="0.5" instanceCost="0.1"/>
	<rule className="com.ibm.ws.report.binary.rules.custom.ProducerFieldsSessionBeans" help="/ruleinfo/appconversion/javaee7/cdi/ProducerFieldsSessionBeans.html" severity="severe" devCost="0.25" instanceCost="0.1"/>
	<rule className="com.ibm.ws.report.binary.rules.custom.SpecializesBehaviorChange" help="/ruleinfo/appconversion/javaee7/cdi/SpecializesBehaviorChange.html" severity="warning" devCost="0.25" instanceCost="0.1"/>
	<rule className="com.ibm.ws.report.binary.rules.custom.TransientFieldInSessionScope" help="/ruleinfo/appconversion/javaee7/cdi/TransientFieldInSessionScope.html" severity="warning" devCost="0.25" instanceCost="0.1"/>
	<rule fileName="BeansXmlNamespace.xml" help="/ruleinfo/appconversion/javaee7/cdi/BeansXmlNamespace.html" severity="severe" devCost="0.1" instanceCost="0.1"/>
	<rule fileName="GetAnnotatedBehaviorChange.xml" help="/ruleinfo/appconversion/javaee7/cdi/GetAnnotatedBehaviorChange.html" severity="warning" devCost="0.25" instanceCost="0.1"/>
	<rule fileName="MissingBeansFile.xml" help="/ruleinfo/appconversion/javaee7/cdi/MissingBeansXmlRule.html" severity="info" devCost="0" instanceCost="0"/>
	<rule fileName="OpenWebBeansPropertiesFile.xml" help="/ruleinfo/appconversion/javaee7/cdi/OpenWebBeansPropertiesFile.html" severity="warning" devCost="0.1" instanceCost="0.1"/>
	<rule fileName="WebBeansXmlRule.xml" help="/ruleinfo/appconversion/javaee7/cdi/WebBeansXmlRule.html" severity="severe" devCost="0.1" instanceCost="0.1"/>
</rules>