<?xml version="1.0" encoding="UTF-8"?>
<!--
***************************************************************************
* Licensed Materials - Property of IBM                                    *
* (C) Copyright IBM Corp. 2015, 2018. All Rights Reserved.                      *
*                                                                         *
* US Government Users Restricted Rights - Use, duplication or disclosure  *
* restricted by GSA ADP Schedule Contract with IBM Corp.                  *
*************************************************************************** 
-->
<rule xmlns="http://websphere.ibm.com/xml/ns/wamt/binary-scanner-rule" xmlns:xsi="http://www.w3.org/2001/XMLSchema-instance"
    xsi:schemaLocation="http://websphere.ibm.com/xml/ns/wamt/binary-scanner-rule ../binary-scanner-rule_1_0.xsd" id="JRECheckIBMXMLSpecificConfiguration" 
      description="appconversion.jre.189xml.JRECheckIBMXMLSpecificConfiguration">
    <detectStringLiteral>
        <literal value="(http://www\.ibm\.com/xmlns/prod/xltxe-j/(translet-name|destination-directory|package-name|jar-name|generate-translet|auto-translet|use-classpath|debug|indent-number))"/>
        <literal value="(com\.ibm\.xml\.xlxp\.support\.dtd\.compat\.mode)"/>
        <literal value="(javax\.xml\.namespace\.QName\.useCompatibleHashCodeAlgorithm)"/>
        <literal value="(javax\.xml\.stream\.isSupportingLocationCoordinates)"/>
        <literal value="(javax\.xml\.stream\.isInterning)"/>
        <literal value="(javax\.xml\.stream\.XMLOutputFactory\.recycleWritersOnEndDocument)"/>
        <literal value="(javax\.xml\.stream\.XMLStreamWriter\.isSetPrefixBeforeStartElement)"/>
    </detectStringLiteral>
</rule>