<?xml version="1.0" encoding="UTF-8"?>
<!--
***************************************************************************
* Licensed Materials - Property of IBM                                    *
* (C) Copyright IBM Corp. 2015, 2023. All Rights Reserved.                *
*                                                                         *
* US Government Users Restricted Rights - Use, duplication or disclosure  *
* restricted by GSA ADP Schedule Contract with IBM Corp.                  *
*************************************************************************** 
-->
<rule xmlns="http://websphere.ibm.com/xml/ns/wamt/binary-scanner-rule" xmlns:xsi="http://www.w3.org/2001/XMLSchema-instance"
    xsi:schemaLocation="http://websphere.ibm.com/xml/ns/wamt/binary-scanner-rule ../binary-scanner-rule_1_0.xsd" id="JREJdbcInterfaceNewMethods" 
		description="appconversion.jre.170.JREJdbcInterfaceNewMethods" recipes="org.openrewrite.java.migrate.JREJdbcInterfaceNewMethods">
	<detectMultipleCriteria>
		<detectClass implements="java.sql.Connection">
			<missingMethod name="abort"/>
			<missingMethod name="getNetworkTimeout"/>
			<missingMethod name="getSchema"/>
			<missingMethod name="setNetworkTimeout"/>
			<missingMethod name="setSchema"/>
		</detectClass>
		<detectClass implements="java.sql.Driver">
			<missingMethod name="getParentLogger"/>
		</detectClass>
		<detectClass implements="java.sql.Statement, 
							java.sql.CallableStatement, 
							java.sql.PreparedStatement">
			<missingMethod name="closeOnCompletion"/>
			<missingMethod name="isCloseOnCompletion"/>
		</detectClass>
		<detectClass implements="javax.sql.CommonDataSource, 
							javax.sql.ConnectionPoolDataSource, 
							javax.sql.DataSource, 
							javax.sql.XADataSource">
			<missingMethod name="getParentLogger"/>
		</detectClass>
	</detectMultipleCriteria>
</rule>