<?xml version="1.0" encoding="UTF-8"?>
<!--
***************************************************************************
* Licensed Materials - Property of IBM                                    *
* (C) Copyright IBM Corp. 2016, 2017. All Rights Reserved.                *
*                                                                         *
* US Government Users Restricted Rights - Use, duplication or disclosure  *
* restricted by GSA ADP Schedule Contract with IBM Corp.                  *
*************************************************************************** 
-->
<rule xmlns="http://websphere.ibm.com/xml/ns/wamt/binary-scanner-rule" xmlns:xsi="http://www.w3.org/2001/XMLSchema-instance"
    xsi:schemaLocation="http://websphere.ibm.com/xml/ns/wamt/binary-scanner-rule ../binary-scanner-rule_1_0.xsd" id="JRERemoveDoubleSlashInJmxObjNames" 
		description="appconversion.jre.160.JRERemoveDoubleSlashInJmxObjNames">
	<detectMultipleCriteria>
			<detectConstructorParameter 
					arguments="java.lang.String"
					owners="javax.management.ObjectName">
					<argument position="0" flagVariable="true" flagVariableValue=".*//.*:.*" flagStringLiteral=".*//.*:.*"/>
			</detectConstructorParameter>
			<detectConstructorParameter 
					arguments="java.lang.String,java.util.Hashtable"
					owners="javax.management.ObjectName">
					<argument position="0" flagVariable="true" flagVariableValue=".*//.*" flagStringLiteral=".*//.*"/>
			</detectConstructorParameter>
			<detectConstructorParameter 
					arguments="java.lang.String,java.lang.String,java.lang.String"
					owners="javax.management.ObjectName">
					<argument position="0" flagVariable="true" flagVariableValue=".*//.*" flagStringLiteral=".*//.*"/>
			</detectConstructorParameter>
	</detectMultipleCriteria>
</rule>