<?xml version="1.0" encoding="UTF-8"?>
<!--
***************************************************************************
* Licensed Materials - Property of IBM                                    *
* (C) Copyright IBM Corp. 2015, 2017. All Rights Reserved.                *
*                                                                         *
* US Government Users Restricted Rights - Use, duplication or disclosure  *
* restricted by GSA ADP Schedule Contract with IBM Corp.                  *
*************************************************************************** 
-->
<rule xmlns="http://websphere.ibm.com/xml/ns/wamt/binary-scanner-rule" xmlns:xsi="http://www.w3.org/2001/XMLSchema-instance"
    xsi:schemaLocation="http://websphere.ibm.com/xml/ns/wamt/binary-scanner-rule ../binary-scanner-rule_1_0.xsd" id="NumberFormatRounding" 
		description="appconversion.jre.180.NumberFormatRounding">
	<detectMultipleCriteria>
		<detectMethod name="format"
				arguments="double"
				owners="java.text.NumberFormat, java.text.DecimalFormat"/> 
		<detectMethodParameter name="format"
				arguments="java.lang.Object"
				owners="java.text.NumberFormat, java.text.DecimalFormat">
				<argument position="0" flagVariable="true" flagType="java.lang.Double"/>
		</detectMethodParameter> 
		<detectMethod name="format"
				arguments="double, java.lang.StringBuffer, java.text.FieldPosition"
				owners="java.text.NumberFormat, java.text.DecimalFormat"/> 
		<detectMethodParameter name="format"
				arguments="java.lang.Object, java.lang.StringBuffer, java.text.FieldPosition"
				owners="java.text.NumberFormat, java.text.DecimalFormat">
				<argument position="0" flagVariable="true" flagType="java.lang.Double"/>
		</detectMethodParameter> 
	</detectMultipleCriteria>
</rule>