<?xml version="1.0" encoding="UTF-8"?>
<!--
***************************************************************************
* Licensed Materials - Property of IBM                                    *
* (C) Copyright IBM Corp. 2015. All Rights Reserved.                      *
*                                                                         *
* US Government Users Restricted Rights - Use, duplication or disclosure  *
* restricted by GSA ADP Schedule Contract with IBM Corp.                  *
*************************************************************************** 
-->
<rule xmlns="http://websphere.ibm.com/xml/ns/wamt/binary-scanner-rule" xmlns:xsi="http://www.w3.org/2001/XMLSchema-instance"
    xsi:schemaLocation="http://websphere.ibm.com/xml/ns/wamt/binary-scanner-rule ../binary-scanner-rule_1_0.xsd" id="PriorityAndNOLOCALBehaviorChange" 
		description="appconversion.javaee7.jms.PriorityAndNOLOCALBehaviorChange">
	<detectMultipleCriteria>
		<detectMethodParameter name="setPriority"
			arguments="int"
			owners="javax.jms.JMSProducer, javax.jms.MessageProducer"> 
			<argument position="0" flagVariable="true" flagVariableValue="-1" flagStringLiteral="-1"/>
		</detectMethodParameter> 
		<detectMethodParameter name="createConsumer"
			arguments="javax.jms.Destination, java.lang.String, boolean"
			owners="javax.jms.JMSContext, javax.jms.Session, javax.jms.TopicSession"> 
			<argument position="2" flagVariable="true" flagVariableValue="1" flagStringLiteral="1" flagType="boolean"/>
			<argument position="2" flagVariable="true" flagVariableValue="TRUE" flagType="java.lang.Boolean"/>
		</detectMethodParameter> 
		<detectMethodParameter name="createDurableConsumer"
			arguments="javax.jms.Topic, java.lang.String, java.lang.String, boolean"
			owners="javax.jms.JMSContext, javax.jms.Session, javax.jms.TopicSession"> 
			<argument position="3" flagVariable="true" flagVariableValue="1" flagStringLiteral="1" flagType="boolean"/>
			<argument position="3" flagVariable="true" flagVariableValue="TRUE" flagType="java.lang.Boolean"/>
		</detectMethodParameter> 
		<detectMethodParameter name="createSubscriber"
			arguments="javax.jms.Topic, java.lang.String, boolean"
			owners="javax.jms.TopicSession"> 
			<argument position="2" flagVariable="true" flagVariableValue="1" flagStringLiteral="1" flagType="boolean"/>
			<argument position="2" flagVariable="true" flagVariableValue="TRUE" flagType="java.lang.Boolean"/>
		</detectMethodParameter> 
		<detectMethodParameter name="createDurableSubscriber"
			arguments="javax.jms.Topic, java.lang.String, java.lang.String, boolean"
			owners="javax.jms.TopicSession"> 
			<argument position="3" flagVariable="true" flagVariableValue="1" flagStringLiteral="1" flagType="boolean"/>
			<argument position="3" flagVariable="true" flagVariableValue="TRUE" flagType="java.lang.Boolean"/>
		</detectMethodParameter> 
		<detectStringLiteral>
			<literal value="XMSC_NOLOCAL"/>
		</detectStringLiteral>
	</detectMultipleCriteria>
</rule>