<?xml version="1.0" encoding="UTF-8"?>
<!--
***************************************************************************
* Licensed Materials - Property of IBM                                    *
* (C) Copyright IBM Corp. 2021. All Rights Reserved.                      *
*                                                                         *
* US Government Users Restricted Rights - Use, duplication or disclosure  *
* restricted by GSA ADP Schedule Contract with IBM Corp.                  *
*************************************************************************** 
-->
<rule xmlns="http://websphere.ibm.com/xml/ns/wamt/binary-scanner-rule" xmlns:xsi="http://www.w3.org/2001/XMLSchema-instance"
    xsi:schemaLocation="http://websphere.ibm.com/xml/ns/wamt/binary-scanner-rule ../binary-scanner-rule_1_0.xsd" id="jre17RegexBehaviorChange" description="appconversion.jre.17.RegexBehaviorChange">
	<detectMultipleCriteria>
		<detectMethodParameter name="compile" owners="java.util.regex.Pattern" arguments="java.lang.String">
			<argument position="0" flagStringLiteral=".*\&amp;\&amp;(\[[^\]]*\])+.-.+" flagVariable="true" flagVariableValue=".*\&amp;\&amp;(\[[^\]]*\])+.-.+"/>
		</detectMethodParameter>
		<detectMethodParameter name="compile" owners="java.util.regex.Pattern" arguments="java.lang.String,int">
			<argument position="0" flagStringLiteral=".*\&amp;\&amp;(\[[^\]]*\])+.-.+" flagVariable="true" flagVariableValue=".*\&amp;\&amp;(\[[^\]]*\])+.-.+"/>
		</detectMethodParameter>
		<detectMethodParameter name="matches" owners="java.util.regex.Pattern" arguments="java.lang.String,java.lang.CharSequence">
			<argument position="0" flagStringLiteral=".*\&amp;\&amp;(\[[^\]]*\])+.-.+" flagVariable="true" flagVariableValue=".*\&amp;\&amp;(\[[^\]]*\])+.-.+"/>
		</detectMethodParameter>
		<detectMethodParameter name="matches" owners="java.lang.String" arguments="java.lang.String">
			<argument position="0" flagStringLiteral=".*\&amp;\&amp;(\[[^\]]*\])+.-.+" flagVariable="true" flagVariableValue=".*\&amp;\&amp;(\[[^\]]*\])+.-.+"/>
		</detectMethodParameter>
		<detectMethodParameter name="replaceAll" owners="java.lang.String" arguments="java.lang.String,java.lang.String">
			<argument position="0" flagStringLiteral=".*\&amp;\&amp;(\[[^\]]*\])+.-.+" flagVariable="true" flagVariableValue=".*\&amp;\&amp;(\[[^\]]*\])+.-.+"/>
		</detectMethodParameter>
		<detectMethodParameter name="replaceFirst" owners="java.lang.String" arguments="java.lang.String,java.lang.String">
			<argument position="0" flagStringLiteral=".*\&amp;\&amp;(\[[^\]]*\])+.-.+" flagVariable="true" flagVariableValue=".*\&amp;\&amp;(\[[^\]]*\])+.-.+"/>
		</detectMethodParameter>
		<detectMethodParameter name="split" owners="java.lang.String" arguments="java.lang.String">
			<argument position="0" flagStringLiteral=".*\&amp;\&amp;(\[[^\]]*\])+.-.+" flagVariable="true" flagVariableValue=".*\&amp;\&amp;(\[[^\]]*\])+.-.+"/>
		</detectMethodParameter>
		<detectMethodParameter name="split" owners="java.lang.String" arguments="java.lang.String,int">
			<argument position="0" flagStringLiteral=".*\&amp;\&amp;(\[[^\]]*\])+.-.+" flagVariable="true" flagVariableValue=".*\&amp;\&amp;(\[[^\]]*\])+.-.+"/>
		</detectMethodParameter>
	</detectMultipleCriteria>
</rule>