<?xml version="1.0" encoding="UTF-8"?>
<!--
***************************************************************************
* Licensed Materials - Property of IBM                                    *
* (C) Copyright IBM Corp. 2022, 2023. All Rights Reserved.                *
*                                                                         *
* US Government Users Restricted Rights - Use, duplication or disclosure  *
* restricted by GSA ADP Schedule Contract with IBM Corp.                  *
*************************************************************************** 
-->
<rule xmlns="http://websphere.ibm.com/xml/ns/wamt/binary-scanner-rule" xmlns:xsi="http://www.w3.org/2001/XMLSchema-instance"
    xsi:schemaLocation="http://websphere.ibm.com/xml/ns/wamt/binary-scanner-rule ../binary-scanner-rule_1_0.xsd" id="RemovalsServletJakarta10" 
		description="com.ibm.ws.report.binary.jakartaee10.servlet.RemovalsServletJakarta10"
		recipes="org.openrewrite.java.migrate.jakarta.RemovalsServletJakarta10">
		
	<detectMultipleCriteria>
		<detectMethod name="isRequestedSessionIdFromUrl"
						owners="jakarta.servlet.http.HttpServletRequest,
								javax.servlet.http.HttpServletRequest,
								jakarta.servlet.http.HttpServletRequestWrapper,
								javax.servlet.http.HttpServletRequestWrapper"/>
		<detectMethod name="encodeUrl, encodeRedirectUrl"
						owners="jakarta.servlet.http.HttpServletResponse,
								javax.servlet.http.HttpServletResponse,
								jakarta.servlet.http.HttpServletResponseWrapper,
								javax.servlet.http.HttpServletResponseWrapper"/>
		<detectMethod name="setStatus" arguments="int, java.lang.String" 
						owners="jakarta.servlet.http.HttpServletResponse,
								javax.servlet.http.HttpServletResponse,
								jakarta.servlet.http.HttpServletResponseWrapper,
								javax.servlet.http.HttpServletResponseWrapper"/>
		<detectMethod name="getSessionContext, getValue, getValueNames, putValue, removeValue"
						owners="jakarta.servlet.http.HttpSession,
								javax.servlet.http.HttpSession"/>
		<detectMethod name="getServlet, getServlets, getServletNames"
						owners="jakarta.servlet.ServletContext,
								javax.servlet.ServletContext"/>
	    <detectMethod name="log" arguments="java.lang.Exception, java.lang.String" 
						owners="jakarta.servlet.ServletContext,
								javax.servlet.ServletContext"/>
		<detectMethod name="getRealPath"
						owners="jakarta.servlet.ServletRequest,
								javax.servlet.ServletRequest,
								jakarta.servlet.ServletRequestWrapper,
								javax.servlet.ServletRequestWrapper"/>
		<detectMethod name="getServlet"
						owners="jakarta.servlet.UnavailableException,
								javax.servlet.UnavailableException"/>
		<detectConstructor owners="javax.servlet.UnavailableException"
							arguments="int, javax.servlet.Servlet, java.lang.String"/>
		<detectConstructor owners="jakarta.servlet.UnavailableException"
							arguments="int, jakarta.servlet.Servlet, java.lang.String"/>
		<detectConstructor owners="javax.servlet.UnavailableException"
							arguments="javax.servlet.Servlet, java.lang.String"/>
		<detectConstructor owners="jakarta.servlet.UnavailableException"
							arguments="jakarta.servlet.Servlet, java.lang.String"/>
		<detectClass names="jakarta.servlet.http.HttpSessionContext, 
							javax.servlet.http.HttpSessionContext,
							jakarta.servlet.http.HttpUtils,
							javax.servlet.http.HttpUtils,
							jakarta.servlet.SingleThreadModel,
							javax.servlet.SingleThreadModel"/>
	</detectMultipleCriteria>
</rule>