<?xml version="1.0" encoding="UTF-8"?>
<!--
***************************************************************************
* Licensed Materials - Property of IBM                                    *
* (C) Copyright IBM Corp. 2015. All Rights Reserved.                      *
*                                                                         *
* US Government Users Restricted Rights - Use, duplication or disclosure  *
* restricted by GSA ADP Schedule Contract with IBM Corp.                  *
*************************************************************************** 
-->
<rule xmlns="http://websphere.ibm.com/xml/ns/wamt/binary-scanner-rule" xmlns:xsi="http://www.w3.org/2001/XMLSchema-instance"
    xsi:schemaLocation="http://websphere.ibm.com/xml/ns/wamt/binary-scanner-rule ../binary-scanner-rule_1_0.xsd" id="ActivitySessionRule" 
		description="rules.was2liberty.ActivitySessionRule">
	<detectMultipleCriteria>
		<detectPackage names="com.ibm.websphere.ActivitySession"/>
		<detectStringLiteral>
			<literal value="java\:comp/websphere/UserActivitySession"/>
		</detectStringLiteral>
		<detectAttribute tags="bean-cache" attributeName="activation-policy" attributeValue="ACTIVITY_SESSION">
			<xmlFile pattern="(.*/)?(WEB-INF|META-INF)/ibm-ejb-jar-ext\.xml"/>
		</detectAttribute>
		<detectAttribute tags="local-transaction" attributeName="boundary" attributeValue="ACTIVITY_SESSION">
			<xmlFile pattern="(.*/)?(WEB-INF|META-INF)/ibm-ejb-jar-ext\.xml"/>
		</detectAttribute>
		<detectAttribute tags="beanCache" attributeName="activateAt" attributeValue="ACTIVITY_SESSION">
			<xmlFile pattern="META-INF/ibm-ejb-jar-ext.xmi"/>
		</detectAttribute>
		<detectAttribute tags="localTransaction" attributeName="boundary" attributeValue="ActivitySession">
			<xmlFile pattern="META-INF/ibm-ejb-jar-ext.xmi"/>
		</detectAttribute>
		<detectElement tags="activity-sessions">
			<xmlFile pattern="(.*/)?(WEB-INF|META-INF)/ibm-ejb-jar-ext-pme\.xml"/>
			<xmlFile pattern="WEB-INF/ibm-web-ext-pme.xml"/>
		</detectElement>
		<detectElement tags="activitySessionWebAppExtension">
			<xmlFile pattern="WEB-INF/ibm-web-ext-pme.xmi"/>
		</detectElement>
		<detectElement tags="activitySessionEJBJarExtension">
			<xmlFile pattern="META-INF/ibm-ejb-jar-ext-pme.xmi"/>
		</detectElement>
	</detectMultipleCriteria>
</rule>