<?xml version="1.0" encoding="UTF-8"?>
<!--
***************************************************************************
* Licensed Materials - Property of IBM                                    *
* (C) Copyright IBM Corp. 2015, 2023. All Rights Reserved.                *
*                                                                         *
* US Government Users Restricted Rights - Use, duplication or disclosure  *
* restricted by GSA ADP Schedule Contract with IBM Corp.                  *
*************************************************************************** 
-->
<rule xmlns="http://websphere.ibm.com/xml/ns/wamt/binary-scanner-rule" xmlns:xsi="http://www.w3.org/2001/XMLSchema-instance"
    xsi:schemaLocation="http://websphere.ibm.com/xml/ns/wamt/binary-scanner-rule ../binary-scanner-rule_1_0.xsd" id="AppDDNamespaceRule" 
		description="rules.xml.AppDDNamespaceRule" recipes="org.openrewrite.xml.liberty.AppDDNamespaceRule">
	<detectMultipleCriteria>
		<detectAttribute tags="application" attributeName="version" attributeValue="1\.4" 
						validateDocumentNamespace="http://java\.sun\.com/xml/ns/j2ee">
			<xmlFile pattern="META-INF/application.xml"/>
		</detectAttribute>
		<detectAttribute tags="application" attributeName="version" attributeValue="5|6" 
						validateDocumentNamespace="http://java\.sun\.com/xml/ns/javaee">
			<xmlFile pattern="META-INF/application.xml"/>
		</detectAttribute>
		<detectAttribute tags="application" attributeName="version" attributeValue="[7-9]|1\d" 
						validateDocumentNamespace="http://xmlns\.jcp\.org/xml/ns/javaee">
			<xmlFile pattern="META-INF/application.xml"/>
		</detectAttribute>
	</detectMultipleCriteria>
</rule>
