<?xml version="1.0" encoding="UTF-8"?>
<!--
***************************************************************************
* Licensed Materials - Property of IBM                                    *
* (C) Copyright IBM Corp. 2015, 2023. All Rights Reserved.                *
*                                                                         *
* US Government Users Restricted Rights - Use, duplication or disclosure  *
* restricted by GSA ADP Schedule Contract with IBM Corp.                  *
*************************************************************************** 
-->
<rules xmlns="http://websphere.ibm.com/xml/ns/wamt/binary-scanner-rule-list" xmlns:xsi="http://www.w3.org/2001/XMLSchema-instance"
    xsi:schemaLocation="http://websphere.ibm.com/xml/ns/wamt/binary-scanner-rule-list ../binary-scanner-rule-list_1_0.xsd"  mainCategory="appconversion.liberty2cloud.category.cloudfoundry">
	<rule fileName="OneInboundPortRule.xml" help="/ruleinfo/appmigration/liberty2cloud/TransportSecurity.html" severity="severe" devCost="2" instanceCost="0"/>
	<rule fileName="ClientCertRule.xml" help="/ruleinfo/appmigration/liberty2cloud/ClientCert.html" severity="severe" devCost="5" instanceCost="0"/>
	<rule fileName="FileWriteRule.xml" help="/ruleinfo/appmigration/liberty2cloud/FileWrite.html" severity="info" devCost="0" instanceCost="0"/>
	<rule fileName="JvmExitRule.xml" help="/ruleinfo/appmigration/liberty2cloud/JvmExit.html" severity="info" devCost="0" instanceCost="0"/>
	<rule fileName="LoggingRule.xml" help="/ruleinfo/appmigration/liberty2cloud/Logging.html" severity="info" devCost="0" instanceCost="0"/>
	<rule fileName="PortOpenRule.xml" help="/ruleinfo/appmigration/liberty2cloud/PortOpen.html" severity="severe" devCost="5" instanceCost="0"/>
	<rule fileName="ProcessCreateRule.xml" help="/ruleinfo/appmigration/liberty2cloud/ProcessCreate.html" severity="info" devCost="0" instanceCost="0"/>
	<rule fileName="ProtocolRule.xml" help="/ruleinfo/appmigration/liberty2cloud/ProtocolRule.html" severity="severe" devCost="5" instanceCost="0"/>
	<rule fileName="TransactionRule.xml" help="/ruleinfo/appmigration/liberty2cloud/Transaction.html" severity="severe" devCost="5" instanceCost="0"/>
</rules>