<?xml version="1.0" encoding="UTF-8"?>
<!--
***************************************************************************
* Licensed Materials - Property of IBM                                    *
* (C) Copyright IBM Corp. 2017. All Rights Reserved.                      *
*                                                                         *
* US Government Users Restricted Rights - Use, duplication or disclosure  *
* restricted by GSA ADP Schedule Contract with IBM Corp.                  *
*************************************************************************** 
-->
<rule xmlns="http://websphere.ibm.com/xml/ns/wamt/binary-scanner-rule" xmlns:xsi="http://www.w3.org/2001/XMLSchema-instance"
    xsi:schemaLocation="http://websphere.ibm.com/xml/ns/wamt/binary-scanner-rule ../binary-scanner-rule_1_0.xsd" id="CreateSessionBehaviorChange" 
		description="rules.java.CreateSessionBehaviorChange">
	<detectMultipleCriteria>
		<detectMethodParameter name="createContext"
			arguments="int"
			owners="javax.jms.ConnectionFactory, javax.jms.JMSContext"> 
			<argument position="0" flagVariable="true" flagVariableValue="0" flagStringLiteral="0"/>
		</detectMethodParameter> 
		<detectMethodParameter name="createSession"
			arguments="int"
			owners="javax.jms.Connection"> 
			<argument position="0" flagVariable="true" flagVariableValue="0" flagStringLiteral="0"/>
		</detectMethodParameter> 
		<detectMethodParameter name="createSession"
			arguments="boolean, int"
			owners="javax.jms.Connection"> 
			<argument position="0" flagVariable="true" flagVariableValue="1" flagStringLiteral="1" flagType="boolean"/>
			<argument position="0" flagVariable="true" flagVariableValue="TRUE" flagType="java.lang.Boolean"/>
		</detectMethodParameter> 
		<detectMethodParameter name="createQueueSession"
			arguments="boolean, int"
			owners="javax.jms.QueueConnection"> 
			<argument position="0" flagVariable="true" flagVariableValue="1" flagStringLiteral="1" flagType="boolean"/>
			<argument position="0" flagVariable="true" flagVariableValue="TRUE" flagType="java.lang.Boolean"/>
		</detectMethodParameter> 
		<detectMethodParameter name="createTopicSession"
			arguments="boolean, int"
			owners="javax.jms.TopicConnection"> 
			<argument position="0" flagVariable="true" flagVariableValue="1" flagStringLiteral="1" flagType="boolean"/>
			<argument position="0" flagVariable="true" flagVariableValue="TRUE" flagType="java.lang.Boolean"/>
		</detectMethodParameter> 
	</detectMultipleCriteria>
</rule>