<?xml version="1.0" encoding="UTF-8"?>
<!--
***************************************************************************
* Licensed Materials - Property of IBM                                    *
* (C) Copyright IBM Corp. 2023. All Rights Reserved.                      *
*                                                                         *
* US Government Users Restricted Rights - Use, duplication or disclosure  *
* restricted by GSA ADP Schedule Contract with IBM Corp.                  *
*************************************************************************** 
-->
<rule xmlns="http://websphere.ibm.com/xml/ns/wamt/binary-scanner-rule" xmlns:xsi="http://www.w3.org/2001/XMLSchema-instance"
    xsi:schemaLocation="http://websphere.ibm.com/xml/ns/wamt/binary-scanner-rule ../binary-scanner-rule_1_0.xsd" id="DetectEJBHomeXML" 
		description="com.ibm.ws.report.was2liberty.detectors.DetectEJBHomeXML.rulename">
	<or>
		<detectDTD dtdName="http://java\.sun\.com/j2ee/dtds/ejb-jar_1_1\.dtd|http://java\.sun\.com/dtd/ejb-jar_2_0\.dtd">
			<xmlFile pattern="(.*/)?(META-INF|WEB-INF)/ejb-jar\.xml"/>
		</detectDTD>
		<detectAttribute tags="ejb-jar" attributeName="version" attributeValue="[1-2]\.[0-1]">
			<xmlFile pattern="(.*/)?(META-INF|WEB-INF)/ejb-jar\.xml"/>
		</detectAttribute>
	</or>
</rule>