<?xml version="1.0" encoding="UTF-8"?>
<!--
***************************************************************************
* Licensed Materials - Property of IBM                                    *
* (C) Copyright IBM Corp. 2016, 2023. All Rights Reserved.                *
*                                                                         *
* US Government Users Restricted Rights - Use, duplication or disclosure  *
* restricted by GSA ADP Schedule Contract with IBM Corp.                  *
*************************************************************************** 
-->
<rule xmlns="http://websphere.ibm.com/xml/ns/wamt/binary-scanner-rule" xmlns:xsi="http://www.w3.org/2001/XMLSchema-instance"
    xsi:schemaLocation="http://websphere.ibm.com/xml/ns/wamt/binary-scanner-rule ../binary-scanner-config-rule_1_0.xsd" id="DetectConcurrencyUtilitiesFeature" description="concurrent">
	<detectFeature>
		<detectJavaxImplementationProvided>
				<detectPackage names="javax.enterprise.concurrent"
								useAppProvidedLibraries="true"
								skipScanForUsage="true"/>
		</detectJavaxImplementationProvided>
		<detectJakartaImplementationProvided>
				<detectPackage names="jakarta.enterprise.concurrent"
								useAppProvidedLibraries="true"
								skipScanForUsage="true"/>
		</detectJakartaImplementationProvided>
		<detectUsage feature="concurrent-1.0" fileName="/rules/liberty/DetectConcurrencyUtilitiesJava.xml"/>
		<detectUsage feature="concurrent-2.0,concurrent-3.0">
			<detectPackage names="jakarta.enterprise.concurrent*"/>
		</detectUsage>
		<detectUsage feature="concurrent-1.0" fileName="/rules/liberty/DetectConcurrencyUtilitiesXML.xml"/>
		<detectUsage feature="concurrent-2.0,concurrent-3.0">
			<detectElement tags="resource-env-ref-type" value="jakarta\.enterprise\.concurrent\..*">
				<xmlFile pattern="WEB-INF/web.xml"/>
			</detectElement>
		</detectUsage>
	</detectFeature>
</rule>