<?xml version="1.0" encoding="UTF-8"?>
<!--
***************************************************************************
* Licensed Materials - Property of IBM                                    *
* (C) Copyright IBM Corp. 2016, 2022. All Rights Reserved.                *
*                                                                         *
* US Government Users Restricted Rights - Use, duplication or disclosure  *
* restricted by GSA ADP Schedule Contract with IBM Corp.                  *
*************************************************************************** 
-->
<rule xmlns="http://websphere.ibm.com/xml/ns/wamt/binary-scanner-rule" xmlns:xsi="http://www.w3.org/2001/XMLSchema-instance"
    xsi:schemaLocation="http://websphere.ibm.com/xml/ns/wamt/binary-scanner-rule ../binary-scanner-config-rule_1_0.xsd" id="DetectJavaMailFeature" description="javaMail">
	<detectFeature>
		<detectJavaxImplementationProvided>
				<detectPackage names="javax.mail,
									javax.mail.internet,
									javax.mail.util,
									javax.mail.search,
									javax.mail.event"
								useAppProvidedLibraries="true"
								skipScanForUsage="true"/>
		</detectJavaxImplementationProvided>
	    <detectJakartaImplementationProvided>
				<detectPackage names="jakarta.mail,
									jakarta.mail.internet,
									jakarta.mail.util,
									jakarta.mail.search,
									jakarta.mail.event"
								useAppProvidedLibraries="true"
								skipScanForUsage="true"/>
		</detectJakartaImplementationProvided>
		<detectUsage feature="javaMail" fileName="/rules/liberty/DetectJavaMailUsageJava.xml"/>
		<detectUsage feature="mail">
				<detectPackage names="jakarta.mail*"/>
		</detectUsage>
		<detectUsage feature="javaMail" fileName="/rules/liberty/DetectJavaMailXML.xml"/>	
		<detectUsage feature="mail">
				<detectElement tags="res-type" value="jakarta\.mail\.Session">
					<xmlFile pattern="WEB-INF/web.xml"/>
					<xmlFile pattern="(.*/)?(META-INF|WEB-INF)/ejb-jar\.xml"/>
					<xmlFile pattern="META-INF/application.xml"/>
				</detectElement>
		</detectUsage>									
	</detectFeature>
</rule>