<?xml version="1.0" encoding="UTF-8"?>
<!--
***************************************************************************
* Licensed Materials - Property of IBM                                    *
* (C) Copyright IBM Corp. 2016, 2022. All Rights Reserved.                *
*                                                                         *
* US Government Users Restricted Rights - Use, duplication or disclosure  *
* restricted by GSA ADP Schedule Contract with IBM Corp.                  *
*************************************************************************** 
-->
<rule xmlns="http://websphere.ibm.com/xml/ns/wamt/binary-scanner-rule" xmlns:xsi="http://www.w3.org/2001/XMLSchema-instance"
    xsi:schemaLocation="http://websphere.ibm.com/xml/ns/wamt/binary-scanner-rule ../binary-scanner-config-rule_1_0.xsd" id="DetectELFeature" description="el">
	<detectFeature>
		<detectJavaxImplementationProvided>
			<detectPackage names="javax.el"
							useAppProvidedLibraries="true"
							skipScanForUsage="true"/>
		</detectJavaxImplementationProvided>
		<detectJakartaImplementationProvided>
			<detectPackage names="jakarta.el"
							useAppProvidedLibraries="true"
							skipScanForUsage="true"/>
		</detectJakartaImplementationProvided>
		<detectUsage feature="el">
			<detectPackage names="javax.el"/>
		</detectUsage>
		<detectUsage feature="expressionLanguage">
			<detectPackage names="jakarta.el"/>
		</detectUsage>
	</detectFeature>
</rule>