<?xml version="1.0" encoding="UTF-8"?>
<!--
***************************************************************************
* Licensed Materials - Property of IBM                                    *
* (C) Copyright IBM Corp. 2022. All Rights Reserved.                      *
*                                                                         *
* US Government Users Restricted Rights - Use, duplication or disclosure  *
* restricted by GSA ADP Schedule Contract with IBM Corp.                  *
*************************************************************************** 
-->
<rule xmlns="http://websphere.ibm.com/xml/ns/wamt/binary-scanner-rule" xmlns:xsi="http://www.w3.org/2001/XMLSchema-instance"
    xsi:schemaLocation="http://websphere.ibm.com/xml/ns/wamt/binary-scanner-rule ../binary-scanner-rule_1_0.xsd" id="DetectJakartaConnectorsXML" 
		description="com.ibm.ws.report.was2liberty.detectors.DetectJakartaConnectors.rulename">
		<detectMultipleCriteria>
			<detectElement tags="connector">
				<xmlFile pattern="META-INF/ra.xml"/>
			</detectElement>
			<detectElement tags="res-type" value="jakarta\.resource\.cci\.ConnectionFactory">
				<xmlFile pattern="WEB-INF/web.xml"/>
				<xmlFile pattern="(.*/)?(META-INF|WEB-INF)/ejb-jar\.xml"/>
				<xmlFile pattern="META-INF/application.xml"/>
			</detectElement>
		</detectMultipleCriteria>
</rule>