<?xml version="1.0" encoding="UTF-8"?>
<!--
***************************************************************************
* Licensed Materials - Property of IBM                                    *
* (C) Copyright IBM Corp. 2016, 2023. All Rights Reserved.                *
*                                                                         *
* US Government Users Restricted Rights - Use, duplication or disclosure  *
* restricted by GSA ADP Schedule Contract with IBM Corp.                  *
*************************************************************************** 
-->
<rule xmlns="http://websphere.ibm.com/xml/ns/wamt/binary-scanner-rule" xmlns:xsi="http://www.w3.org/2001/XMLSchema-instance"
    xsi:schemaLocation="http://websphere.ibm.com/xml/ns/wamt/binary-scanner-rule ../binary-scanner-config-rule_1_0.xsd" id="DetectCDIFeature" description="cdi">
	<detectFeature>
		<detectJavaxImplementationProvided>
				<detectPackage names="javax.decorator,
									  javax.enterprise.context,
									  javax.enterprise.context.spi,
									  javax.enterprise.event,
									  javax.enterprise.inject,
									  javax.enterprise.inject.spi,
									  javax.enterprise.util,
									  javax.inject,
									  javax.interceptor"
								useAppProvidedLibraries="true"
								skipScanForUsage="true"/>
		</detectJavaxImplementationProvided>
		<detectJakartaImplementationProvided>
				<detectPackage names="jakarta.decorator,
								      jakarta.enterprise.context,
								      jakarta.enterprise.context.control,
								      jakarta.enterprise.context.spi,
								      jakarta.enterprise.event,
								      jakarta.enterprise.inject,
								      jakarta.enterprise.inject.literal,
								      jakarta.enterprise.inject.se,								  
								      jakarta.enterprise.inject.spi,
								      jakarta.enterprise.inject.spi.configurator,
								      jakarta.enterprise.util,
								      jakarta.inject,
								      jakarta.interceptor"
								useAppProvidedLibraries="true"
								skipScanForUsage="true"/>
		</detectJakartaImplementationProvided>
		<detectUsage feature="cdi-2.0">
			<detectPackage names="javax.enterprise.context.control,
								  javax.enterprise.inject.literal,
								  javax.enterprise.inject.se
								  javax.enterprise.inject.spi.configurator"/>
		</detectUsage>
		<detectUsage feature="cdi-1.2,cdi-2.0,cdi-3.0,cdi-4.0">
			<detectPackage names="org.jboss.weld.context,
								  org.jboss.weld.context.api,
								  org.jboss.weld.context.beanstore,
								  org.jboss.weld.context.bound,
								  org.jboss.weld.context.conversation"/>
		</detectUsage>
		<detectUsage feature="cdi-1.0,cdi-1.2,cdi-2.0">
			<detectPackage names="javax.decorator,
								  javax.enterprise.context,
								  javax.enterprise.context.spi,
								  javax.enterprise.event,
								  javax.enterprise.inject,
								  javax.enterprise.inject.spi,
								  javax.enterprise.util,
								  javax.inject,
								  javax.interceptor"/>
		</detectUsage>
		<detectUsage feature="cdi-3.0,cdi-4.0">
			<detectPackage names="jakarta.decorator,
								  jakarta.enterprise.context,
								  jakarta.enterprise.context.control,
								  jakarta.enterprise.context.spi,
								  jakarta.enterprise.event,
								  jakarta.enterprise.inject,
								  jakarta.enterprise.inject.literal,
								  jakarta.enterprise.inject.se,								  
								  jakarta.enterprise.inject.spi,
								  jakarta.enterprise.inject.spi.configurator,
								  jakarta.enterprise.util,
								  jakarta.inject,
								  jakarta.interceptor"/>
		</detectUsage>
		<detectUsage feature="cdi-4.0">
			<detectPackage names="jakarta.enterprise.inject.build.compatible.spi,
							      jakarta.enterprise.lang.model,
							      jakarta.enterprise.lang.model.declarations,
							      jakarta.enterprise.lang.model.types"/>
		</detectUsage>
		<detectUsage feature="cdi">
			<detectElement tags="interceptors">
				<xmlFile pattern="(.*/)?(META-INF|WEB-INF)/beans\.xml"/>
			</detectElement>
			<detectElement tags="interceptor-binding">
				<xmlFile pattern="(.*/)?(META-INF|WEB-INF)/ejb-jar\.xml"/>
			</detectElement>
		</detectUsage>								
	</detectFeature>
</rule>