<?xml version="1.0" encoding="UTF-8"?>
<!--
***************************************************************************
* Licensed Materials - Property of IBM                                    *
* (C) Copyright IBM Corp. 2016, 2023. All Rights Reserved.                *
*                                                                         *
* US Government Users Restricted Rights - Use, duplication or disclosure  *
* restricted by GSA ADP Schedule Contract with IBM Corp.                  *
*************************************************************************** 
-->
<rule xmlns="http://websphere.ibm.com/xml/ns/wamt/binary-scanner-rule" xmlns:xsi="http://www.w3.org/2001/XMLSchema-instance"
    xsi:schemaLocation="http://websphere.ibm.com/xml/ns/wamt/binary-scanner-rule ../binary-scanner-config-rule_1_0.xsd" id="DetectJavaBatchFeature" description="batch">
	<detectFeature>
		<detectJavaxImplementationProvided>
			<detectPackage names="javax.batch.api,
								javax.batch.api.chunk,
								javax.batch.api.chunk.listener,
								javax.batch.api.listener,
								javax.batch.api.partition,
								javax.batch.operations,
								javax.batch.runtime,
								javax.batch.runtime.context,
								javax.inject"
							useAppProvidedLibraries="true"
							skipScanForUsage="true"/>
		</detectJavaxImplementationProvided>
	     <detectJakartaImplementationProvided>
			<detectPackage names="jakarta.batch.api,
								jakarta.batch.api.chunk,
								jakarta.batch.api.chunk.listener,
								jakarta.batch.api.listener,
								jakarta.batch.api.partition,
								jakarta.batch.operations,
								jakarta.batch.runtime,
								jakarta.batch.runtime.context,
								jakarta.inject"
							useAppProvidedLibraries="true"
							skipScanForUsage="true"/>
		</detectJakartaImplementationProvided>
		<detectUsage feature="batch-1.0" fileName="/rules/liberty/DetectJavaBatch.xml"/>
		<detectUsage feature="batch-2.0,batch-2.1">
			<detectPackage names="jakarta.batch*"/>
		</detectUsage>
	</detectFeature>
</rule>