<?xml version="1.0" encoding="UTF-8"?>
<!--
***************************************************************************
* Licensed Materials - Property of IBM                                    *
* (C) Copyright IBM Corp. 2016, 2023. All Rights Reserved.                *
*                                                                         *
* US Government Users Restricted Rights - Use, duplication or disclosure  *
* restricted by GSA ADP Schedule Contract with IBM Corp.                  *
*************************************************************************** 
-->
<rule xmlns="http://websphere.ibm.com/xml/ns/wamt/binary-scanner-rule" xmlns:xsi="http://www.w3.org/2001/XMLSchema-instance"
    xsi:schemaLocation="http://websphere.ibm.com/xml/ns/wamt/binary-scanner-rule ../binary-scanner-config-rule_1_0.xsd" id="DetectJSONPFeature" description="jsonp">
	<detectFeature>
		<detectJavaxImplementationProvided>
				<detectPackage names="javax.json,
									javax.json.stream,
									javax.json.spi"
								excludePackageNames="javax.json.bind*"
								useAppProvidedLibraries="true"
								skipScanForUsage="true"/>
		</detectJavaxImplementationProvided>
		<detectJakartaImplementationProvided>
				<detectPackage names="jakarta.json,
									jakarta.json.stream,
									jakarta.json.spi"
								excludePackageNames="jakarta.json.bind*"
								useAppProvidedLibraries="true"
								skipScanForUsage="true"/>
		</detectJakartaImplementationProvided>
		<detectUsage feature="jsonp-1.0,jsonp-1.1" fileName="/rules/liberty/DetectJSONP.xml"/>
		<detectUsage feature="jsonp-2.0,jsonp-2.1">
			<detectPackage names="jakarta.json*" excludePackageNames="jakarta.json.bind*"/>
		</detectUsage>
	</detectFeature>
</rule>