<?xml version="1.0" encoding="UTF-8"?>
<!--
***************************************************************************
* Licensed Materials - Property of IBM                                    *
* (C) Copyright IBM Corp. 2016, 2023. All Rights Reserved.                *
*                                                                         *
* US Government Users Restricted Rights - Use, duplication or disclosure  *
* restricted by GSA ADP Schedule Contract with IBM Corp.                  *
*************************************************************************** 
-->
<rule xmlns="http://websphere.ibm.com/xml/ns/wamt/binary-scanner-rule" xmlns:xsi="http://www.w3.org/2001/XMLSchema-instance"
    xsi:schemaLocation="http://websphere.ibm.com/xml/ns/wamt/binary-scanner-rule ../binary-scanner-config-rule_1_0.xsd" id="DetectServletFeature" description="servlet">
	<detectFeature>
		<detectUsage feature="servlet-3.0,servlet-3.1,servlet-4.0" fileName="/rules/liberty/DetectServletJava.xml"/>
		<detectUsage feature="servlet-5.0,servlet-6.0">
			<detectPackage names="jakarta.servlet*"/>
		</detectUsage>
		<detectUsage fileName="/rules/liberty/DetectServletXML.xml"/>
		<detectUsage feature="sipServlet" fileName="/rules/liberty/DetectSIPJava.xml"/>
	</detectFeature>
</rule>