<?xml version="1.0" encoding="UTF-8"?>
<!--
***************************************************************************
* Licensed Materials - Property of IBM                                    *
* (C) Copyright IBM Corp. 2016, 2022. All Rights Reserved.                *
*                                                                         *
* US Government Users Restricted Rights - Use, duplication or disclosure  *
* restricted by GSA ADP Schedule Contract with IBM Corp.                  *
*************************************************************************** 
-->
<rule xmlns="http://websphere.ibm.com/xml/ns/wamt/binary-scanner-rule" xmlns:xsi="http://www.w3.org/2001/XMLSchema-instance"
    xsi:schemaLocation="http://websphere.ibm.com/xml/ns/wamt/binary-scanner-rule ../binary-scanner-config-rule_1_0.xsd" id="DetectEJBFeatures" description="ejbLite">
	<detectFeature>
		<detectUsage feature="ejbLite" fileName="/rules/liberty/DetectEJBJava.xml"/>
		<detectUsage feature="enterpriseBeansLite">
			<detectPackage names="jakarta.ejb*"/>
		</detectUsage>
		<detectUsage feature="ejbLite,enterpriseBeansLite">
			<detectElement tags="session-type" parentTags="session" value="Singleton|Stateful|Stateless">
				<xmlFile pattern="(.*/)?(META-INF|WEB-INF)/ejb-jar\.xml"/>
			</detectElement>
		</detectUsage>
		<detectUsage feature="ejbRemote,enterpriseBeansRemote" fileName="/rules/java/DetectCorbaJava.xml"/>
		<detectUsage feature="ejbRemote,enterpriseBeansRemote">
			<detectElement tags="remote, business-remote">
				<xmlFile pattern="(.*/)?(META-INF|WEB-INF)/ejb-jar\.xml"/>
			</detectElement>
		</detectUsage>
		<detectUsage feature="ejbHome" fileName="/rules/liberty/DetectEJBHomeJava.xml"/>
		<detectUsage feature="enterpriseBeansHome" fileName="/rules/liberty/DetectJakartaEnterpriseBeansHomeJava.xml"/>
		<detectUsage feature="ejbHome,enterpriseBeansHome" fileName="/rules/liberty/DetectEJBHomeXML.xml"/>
		<detectUsage feature="ejbRemote">
			<detectClass names="javax.ejb.Remote, javax.ejb.RemoteHome"/>
		</detectUsage>
		<detectUsage feature="enterpriseBeansRemote">
			<detectClass names="jakarta.ejb.Remote, jakarta.ejb.RemoteHome"/>
		</detectUsage>
		<detectUsage feature="ejbPersistentTimer">
			<detectClass names="javax.ejb.Schedule, 
						javax.ejb.ScheduleExpression,
						javax.ejb.Schedules,
						javax.ejb.TimedObject,
						javax.ejb.Timeout,
						javax.ejb.Timer,
						javax.ejb.TimerConfig,
						javax.ejb.TimerHandle,
						javax.ejb.TimerService"/>
		</detectUsage>
		<detectUsage feature="enterpriseBeansPersistentTimer">
			<detectClass names="jakarta.ejb.Schedule, 
					jakarta.ejb.ScheduleExpression,
					jakarta.ejb.Schedules,
					jakarta.ejb.TimedObject,
					jakarta.ejb.Timeout,
					jakarta.ejb.Timer,
					jakarta.ejb.TimerConfig,
					jakarta.ejb.TimerHandle,
					jakarta.ejb.TimerService"/>
		</detectUsage>
		<detectUsage feature="ejbPersistentTimer">
			<detectElement tags="res-type" value="javax\.ejb\.TimerService">
				<xmlFile pattern="(.*/)?(META-INF|WEB-INF)/ejb-jar\.xml"/>
			</detectElement>	
		</detectUsage>
		<detectUsage feature="enterpriseBeansPersistentTimer">
			<detectElement tags="res-type" value="jakarta\.ejb\.TimerService">
				<xmlFile pattern="(.*/)?(META-INF|WEB-INF)/ejb-jar\.xml"/>
			</detectElement>
		</detectUsage>
		<detectUsage feature="ejbPersistentTimer,enterpriseBeansPersistentTimer">
			<detectElement tags="timer, schedule, timeout-method">
				<xmlFile pattern="(.*/)?(META-INF|WEB-INF)/ejb-jar\.xml"/>
			</detectElement>
		</detectUsage>
		<detectUsage feature="mdb">
			<detectElement tags="message-driven">
				<xmlFile pattern="(.*/)?(META-INF|WEB-INF)/ejb-jar\.xml"/>
			</detectElement>
		</detectUsage>
		<detectUsage feature="mdb-3.1,mdb-3.2">
			<detectClass names="javax.ejb.MessageDriven,
						javax.ejb.MessageDrivenBean,
						javax.ejb.MessageDrivenContext,
						javax.ejb.ActivationConfigProperty"/>
		</detectUsage>
		<detectUsage feature="mdb-4.0">
				<detectClass names="jakarta.ejb.MessageDriven,
						jakarta.ejb.MessageDrivenBean,
						jakarta.ejb.MessageDrivenContext,
						jakarta.ejb.ActivationConfigProperty"/>
		</detectUsage>
	</detectFeature>
</rule>