<?xml version="1.0" encoding="UTF-8"?>
<!--
***************************************************************************
* Licensed Materials - Property of IBM                                    *
* (C) Copyright IBM Corp. 2015. All Rights Reserved.                      *
*                                                                         *
* US Government Users Restricted Rights - Use, duplication or disclosure  *
* restricted by GSA ADP Schedule Contract with IBM Corp.                  *
*************************************************************************** 
-->
<rule xmlns="http://websphere.ibm.com/xml/ns/wamt/binary-scanner-rule" xmlns:xsi="http://www.w3.org/2001/XMLSchema-instance"
    xsi:schemaLocation="http://websphere.ibm.com/xml/ns/wamt/binary-scanner-rule ../binary-scanner-rule_1_0.xsd" id="DetectEJBJNDIbindingName" 
		description="rules.was2liberty.DetectEJBJNDIbindingName">
	<detectMultipleCriteria>		
		<detectAttribute tags="session" 
						 attributeName="simple-binding-name|component-id|local-home-binding-name|remote-home-binding-name">
			<xmlFile pattern="(.*/)?(META-INF|WEB-INF)/ibm-ejb-jar-bnd\.xml"/>
		</detectAttribute>
		<detectAttribute tags="interface" 
						 attributeName="binding-name">
			<xmlFile pattern="(.*/)?(META-INF|WEB-INF)/ibm-ejb-jar-bnd\.xml"/>
		</detectAttribute>
		<detectAttribute tags="ejbBindings" 
						 attributeName="jndiName">
			<xmlFile pattern="META-INF/ibm-ejb-jar-bnd.xmi"/>
		</detectAttribute>		
	</detectMultipleCriteria>
</rule>