<?xml version="1.0" encoding="UTF-8"?>
<!--
***************************************************************************
* Licensed Materials - Property of IBM                                    *
* (C) Copyright IBM Corp. 2016, 2023. All Rights Reserved.                *
*                                                                         *
* US Government Users Restricted Rights - Use, duplication or disclosure  *
* restricted by GSA ADP Schedule Contract with IBM Corp.                  *
*************************************************************************** 
-->
<rule xmlns="http://websphere.ibm.com/xml/ns/wamt/binary-scanner-rule" xmlns:xsi="http://www.w3.org/2001/XMLSchema-instance"
    xsi:schemaLocation="http://websphere.ibm.com/xml/ns/wamt/binary-scanner-rule ../binary-scanner-config-rule_1_0.xsd" id="DetectJSFFeature" description="jsf">
	<detectFeature>
		<detectJavaxImplementationProvided>
				<detectPackage names="javax.faces,
									  javax.faces.application,
									  javax.faces.bean,
									  javax.faces.component,
									  javax.faces.component.behavior,
									  javax.faces.component.html,
									  javax.faces.component.visit,
									  javax.faces.context,
									  javax.faces.convert,
									  javax.faces.el,
									  javax.faces.event,
									  javax.faces.lifecycle,
									  javax.faces.model,
									  javax.faces.render,
									  javax.faces.validator,
									  javax.faces.view,
									  javax.faces.view.facelets,
									  javax.faces.webapp"
								useAppProvidedLibraries="true"
								skipScanForUsage="true"/>
		</detectJavaxImplementationProvided>
		<detectJakartaImplementationProvided>
				<detectPackage names="jakarta.faces,
				                      jakarta.faces.annotation,
									  jakarta.faces.application,
									  jakarta.faces.component,
									  jakarta.faces.component.behavior,
									  jakarta.faces.component.html,
									  jakarta.faces.component.search,
									  jakarta.faces.component.visit,
								  	  jakarta.faces.context,
									  jakarta.faces.convert,
									  jakarta.faces.el,
									  jakarta.faces.event,
									  jakarta.faces.flow,
									  jakarta.faces.flow.builder,
									  jakarta.faces.lifecycle,
									  jakarta.faces.model,
									  jakarta.faces.push,
									  jakarta.faces.render,
									  jakarta.faces.validator,
									  jakarta.faces.view,
									  jakarta.faces.view.facelets,
									  jakarta.faces.webapp"
								useAppProvidedLibraries="true"
								skipScanForUsage="true"/>
		</detectJakartaImplementationProvided>
		<detectUsage feature="jsf-2.3">
			<detectPackage names="javax.faces.annotation,
								  javax.faces.component.search,
								  javax.faces.push"/>
		</detectUsage>
		<detectUsage feature="jsf-2.2,jsf-2.3">
			<detectPackage names="javax.faces.flow,
								  javax.faces.flow.builder"/>
		</detectUsage>
		<detectUsage feature="jsf">
			<detectPackage names="javax.faces,
								  javax.faces.application,
								  javax.faces.bean,
								  javax.faces.component,
								  javax.faces.component.behavior,
								  javax.faces.component.html,
								  javax.faces.component.visit,
								  javax.faces.context,
								  javax.faces.convert,
								  javax.faces.el,
								  javax.faces.event,
								  javax.faces.lifecycle,
								  javax.faces.model,
								  javax.faces.render,
								  javax.faces.validator,
								  javax.faces.view,
								  javax.faces.view.facelets,
								  javax.faces.webapp"/>
		</detectUsage>
		<detectUsage feature="faces">
			<detectPackage names="jakarta.faces*"/>
		</detectUsage>
		<detectUsage feature="jsf,faces">
			<detectElement tags="faces-config">
				<xmlFile pattern="(.*/)?(META-INF|WEB-INF)/faces-config\.xml"/>
			</detectElement>
		</detectUsage>
	</detectFeature>
</rule>