<?xml version="1.0" encoding="UTF-8"?>
<!--
***************************************************************************
* Licensed Materials - Property of IBM                                    *
* (C) Copyright IBM Corp. 2016, 2022. All Rights Reserved.                *
*                                                                         *
* US Government Users Restricted Rights - Use, duplication or disclosure  *
* restricted by GSA ADP Schedule Contract with IBM Corp.                  *
*************************************************************************** 
-->
<rule xmlns="http://websphere.ibm.com/xml/ns/wamt/binary-scanner-rule" xmlns:xsi="http://www.w3.org/2001/XMLSchema-instance"
    xsi:schemaLocation="http://websphere.ibm.com/xml/ns/wamt/binary-scanner-rule ../binary-scanner-config-rule_1_0.xsd" id="DetectJAXWSFeature" description="jaxws">
	<detectFeature>
		<detectJavaxImplementationProvided>
			<detectPackage names="javax.xml.ws.handler,
								javax.xml.ws.http,
								javax.xml.ws.spi,
								javax.xml.ws.handler.soap,
								javax.xml.ws.wsaddressing,
								javax.xml.ws.spi.http,
								javax.xml.ws,
								javax.xml.ws.soap"
							useAppProvidedLibraries="true"
							skipScanForUsage="true"/>
		</detectJavaxImplementationProvided>
		<detectJakartaImplementationProvided>
			<detectPackage names="jakarta.xml.ws.handler,
								jakarta.xml.ws.http,
								jakarta.xml.ws.spi,
								jakarta.xml.ws.handler.soap,
								jakarta.xml.ws.wsaddressing,
								jakarta.xml.ws.spi.http,
								jakarta.xml.ws,
								jakarta.xml.ws.soap"
							useAppProvidedLibraries="true"
							skipScanForUsage="true"/>
		</detectJakartaImplementationProvided>
		<detectUsage feature="jaxws" fileName="/rules/liberty/DetectJAXWSUsageJava.xml"/>
		<detectUsage feature="xmlWS">
			<detectPackage names="jakarta.jws*,
							jakarta.xml.soap,
							jakarta.xml.ws*"/>
		</detectUsage>
	</detectFeature>
</rule>