<?xml version="1.0" encoding="UTF-8"?>
<!--
***************************************************************************
* Licensed Materials - Property of IBM                                    *
* (C) Copyright IBM Corp. 2023. All Rights Reserved.                      *
*                                                                         *
* US Government Users Restricted Rights - Use, duplication or disclosure  *
* restricted by GSA ADP Schedule Contract with IBM Corp.                  *
*************************************************************************** 
-->
<rule xmlns="http://websphere.ibm.com/xml/ns/wamt/binary-scanner-rule" xmlns:xsi="http://www.w3.org/2001/XMLSchema-instance"
    xsi:schemaLocation="http://websphere.ibm.com/xml/ns/wamt/binary-scanner-rule ../binary-scanner-config-rule_1_0.xsd" id="DetectManagedBeansFeature" description="managedBeans">
	<detectFeature>
        <detectUsage feature="managedBeans-1.0">
        	<detectClass names="javax.annotation.ManagedBean"/>
		</detectUsage>
		<detectUsage feature="managedBeans-2.0">
			<detectClass names="jakarta.annotation.ManagedBean"/>
		</detectUsage>
	</detectFeature>
</rule>