<?xml version="1.0" encoding="UTF-8"?>
<!--
***************************************************************************
* Licensed Materials - Property of IBM                                    *
* (C) Copyright IBM Corp. 2019. All Rights Reserved.                      *
*                                                                         *
* US Government Users Restricted Rights - Use, duplication or disclosure  *
* restricted by GSA ADP Schedule Contract with IBM Corp.                  *
*************************************************************************** 
-->
<rule xmlns="http://websphere.ibm.com/xml/ns/wamt/binary-scanner-rule" xmlns:xsi="http://www.w3.org/2001/XMLSchema-instance"
    xsi:schemaLocation="http://websphere.ibm.com/xml/ns/wamt/binary-scanner-rule ../binary-scanner-rule_1_0.xsd" id="DetectPolicySetAndWsSecurity" 
	description="rules.was2liberty.DetectPolicySetAndWsSecurity">
	<detectFile>
		<file pattern=".*/META-INF/policySet\.xml$"/>
		<file pattern=".*/META-INF/policyAttachments\.xml$"/>
		<file pattern=".*/META-INF/clientPolicyAttachments\.xml$"/>
		<file pattern=".*/META-INF/policy\.xml$"/>
		<file pattern=".*/META-INF/bindings\.xml$"/>
		<file pattern=".*/META-INF/bindingDefinition\.xml$"/>
	</detectFile>
</rule>