<?xml version="1.0" encoding="UTF-8"?>
<!--
***************************************************************************
* Licensed Materials - Property of IBM                                    *
* (C) Copyright IBM Corp. 2014, 2022. All Rights Reserved.                *
*                                                                         *
* US Government Users Restricted Rights - Use, duplication or disclosure  *
* restricted by GSA ADP Schedule Contract with IBM Corp.                  *
*************************************************************************** 
-->
<rule xmlns="http://websphere.ibm.com/xml/ns/wamt/binary-scanner-rule" xmlns:xsi="http://www.w3.org/2001/XMLSchema-instance"
    xsi:schemaLocation="http://websphere.ibm.com/xml/ns/wamt/binary-scanner-rule ../binary-scanner-rule_1_0.xsd" id="DetectEJB21Java" 
		description="com.ibm.rrd.liberty.rules.impl.java.DetectEJB21AndEarlier.rulename">
	<detectMultipleCriteria>
		<detectClass names="javax.ejb.EntityContext,
							javax.ejb.Handle,
							javax.ejb.HomeHandle,
							javax.ejb.RemoteHome,
							javax.ejb.EJBHome,
							javax.ejb.EJBLocalHome,
							javax.ejb.EJBLocalObject,
							javax.ejb.EJBMetaData,
							javax.ejb.EJBObject"/>
							
		<!-- Merged from DetectEJB21XML.xml which is now removed -->
		<detectDTD dtdName="http://java\.sun\.com/j2ee/dtds/ejb-jar_1_1\.dtd|http://java\.sun\.com/dtd/ejb-jar_2_0\.dtd">
			<xmlFile pattern="(.*/)?(META-INF|WEB-INF)/ejb-jar\.xml"/>
		</detectDTD>
		<detectAttribute tags="ejb-jar" attributeName="version" attributeValue="2\.1">
			<xmlFile pattern="(.*/)?(META-INF|WEB-INF)/ejb-jar\.xml"/>
		</detectAttribute>
	</detectMultipleCriteria>
</rule>