<?xml version="1.0" encoding="UTF-8"?>
<!--
***************************************************************************
* Licensed Materials - Property of IBM                                    *
* (C) Copyright IBM Corp. 2016, 2022. All Rights Reserved.                *
*                                                                         *
* US Government Users Restricted Rights - Use, duplication or disclosure  *
* restricted by GSA ADP Schedule Contract with IBM Corp.                  *
*************************************************************************** 
-->
<rule xmlns="http://websphere.ibm.com/xml/ns/wamt/binary-scanner-rule" xmlns:xsi="http://www.w3.org/2001/XMLSchema-instance"
    xsi:schemaLocation="http://websphere.ibm.com/xml/ns/wamt/binary-scanner-rule ../binary-scanner-config-rule_1_0.xsd" id="DetectBeanValidationFeature" description="beanValidation">
	<detectFeature>
		<detectJavaxImplementationProvided>
				<detectPackage names="javax.validation,
									  javax.validation.bootstrap,
									  javax.validation.constraints,
									  javax.validation.groups,
									  javax.validation.metadata,
									  javax.validation.spi"
								useAppProvidedLibraries="true"
								skipScanForUsage="true"/>
		</detectJavaxImplementationProvided>
		<detectJakartaImplementationProvided>
				<detectPackage names="jakarta.validation,
							          jakarta.validation.bootstrap,
								      jakarta.validation.constraints,
								      jakarta.validation.constraintvalidation,
								      jakarta.validation.executable,
								      jakarta.validation.groups,
								      jakarta.validation.metadata,
							          jakarta.validation.spi,
						   	          jakarta.validation.valueextraction"
								useAppProvidedLibraries="true"
								skipScanForUsage="true"/>
		</detectJakartaImplementationProvided>
		<detectUsage feature="beanValidation-2.0">
            <detectPackage names="javax.validation.valueextraction"/>
        </detectUsage>
        <detectUsage feature="beanValidation-1.1,beanValidation-2.0">
        	<detectPackage names="javax.validation.constraintvalidation,
        						  javax.validation.executable" />
        </detectUsage>
        <detectUsage feature="beanValidation-1.0,beanValidation-1.1,beanValidation-2.0">
            <detectPackage names="javax.validation,
							      javax.validation.bootstrap,
								  javax.validation.constraints,
								  javax.validation.groups,
								  javax.validation.metadata,
								  javax.validation.spi"/>
        </detectUsage>
        <detectUsage feature="beanValidation-3.0">
            <detectPackage names="jakarta.validation,
							      jakarta.validation.bootstrap,
								  jakarta.validation.constraints,
								  jakarta.validation.constraintvalidation,
								  jakarta.validation.executable,
								  jakarta.validation.groups,
								  jakarta.validation.metadata,
								  jakarta.validation.spi,
								  jakarta.validation.valueextraction"/>
        </detectUsage>
	</detectFeature>
</rule>