<?xml version="1.0" encoding="UTF-8"?>
<!--
***************************************************************************
* Licensed Materials - Property of IBM                                    *
* (C) Copyright IBM Corp. 2016, 2020. All Rights Reserved.                *
*                                                                         *
* US Government Users Restricted Rights - Use, duplication or disclosure  *
* restricted by GSA ADP Schedule Contract with IBM Corp.                  *
*************************************************************************** 
-->
<rule xmlns="http://websphere.ibm.com/xml/ns/wamt/binary-scanner-rule" xmlns:xsi="http://www.w3.org/2001/XMLSchema-instance"
    xsi:schemaLocation="http://websphere.ibm.com/xml/ns/wamt/binary-scanner-rule ../binary-scanner-config-rule_1_0.xsd" id="DetectJPAFeature" description="jpa">
	<detectFeature>
		<detectJavaxImplementationProvided>
			<detectPackage names="javax.persistence,
								javax.persistence.criteria,
								javax.persistence.metamodel,
								javax.persistence.spi"
							useAppProvidedLibraries="true"
							skipScanForUsage="true"/>
		</detectJavaxImplementationProvided>
		<detectJakartaImplementationProvided>
			<detectPackage names="jakarta.persistence,
								jakarta.persistence.criteria,
								jakarta.persistence.metamodel,
								jakarta.persistence.spi"
							useAppProvidedLibraries="true"
							skipScanForUsage="true"/>
		</detectJakartaImplementationProvided>
		<detectUsage feature="jpa" fileName="/rules/liberty/DetectJPAJava.xml"/>
		<detectUsage feature="persistence">
				<detectPackage names="jakarta.persistence*"/>
		</detectUsage>
		<detectUsage feature="jpa-2.1,jpa-2.2,persistence">
			<detectPackage names="org.eclipse.persistence*"/>
		</detectUsage>
		<detectUsage feature="jpa-2.0">
			<detectPackage names="org.apache.openjpa*"/>
			<detectElement tags="provider" value="(org\.apache\.openjpa|com\.ibm\.websphere)\.persistence\.PersistenceProviderImpl">
				<xmlFile pattern="META-INF/persistence.xml"/>
			</detectElement>
			<detectAttribute tags="property" 
						attributeName="name"
					 	attributeValue=".*(wsjpa|openjpa).*">
				<xmlFile pattern="META-INF/persistence.xml"/>
			</detectAttribute>
		</detectUsage>
	</detectFeature>
</rule>