<?xml version="1.0" encoding="UTF-8"?>
<!--
***************************************************************************
* Licensed Materials - Property of IBM                                    *
* (C) Copyright IBM Corp. 2014, 2022. All Rights Reserved.                *
*                                                                         *
* US Government Users Restricted Rights - Use, duplication or disclosure  *
* restricted by GSA ADP Schedule Contract with IBM Corp.                  *
*************************************************************************** 
-->
<rule xmlns="http://websphere.ibm.com/xml/ns/wamt/binary-scanner-rule" xmlns:xsi="http://www.w3.org/2001/XMLSchema-instance"
    xsi:schemaLocation="http://websphere.ibm.com/xml/ns/wamt/binary-scanner-rule ../binary-scanner-rule_1_0.xsd" id="DetectEJBTimerJava" 
		description="com.ibm.rrd.liberty.rules.impl.java.DetectTimerServiceAPI.rulename">
	<detectMultipleCriteria>
		<detectClass names="javax.ejb.Schedule, 
						javax.ejb.ScheduleExpression,
						javax.ejb.Schedules,
						javax.ejb.TimedObject,
						javax.ejb.Timeout,
						javax.ejb.Timer,
						javax.ejb.TimerConfig,
						javax.ejb.TimerHandle,
						javax.ejb.TimerService"/>
							
		<!-- Merged from DetectEJBTimerXML.xml which is now removed -->
		<detectElement tags="timer, schedule, timeout-method">
			<xmlFile pattern="(.*/)?(META-INF|WEB-INF)/ejb-jar\.xml"/>
		</detectElement>
		<detectElement tags="res-type" value="javax\.ejb\.TimerService">
			<xmlFile pattern="(.*/)?(META-INF|WEB-INF)/ejb-jar\.xml"/>
		</detectElement>
	</detectMultipleCriteria>
</rule>