<?xml version="1.0" encoding="UTF-8"?>
<!--
***************************************************************************
* Licensed Materials - Property of IBM                                    *
* (C) Copyright IBM Corp. 2016, 2022. All Rights Reserved.                *
*                                                                         *
* US Government Users Restricted Rights - Use, duplication or disclosure  *
* restricted by GSA ADP Schedule Contract with IBM Corp.                  *
*************************************************************************** 
-->
<rule xmlns="http://websphere.ibm.com/xml/ns/wamt/binary-scanner-rule" xmlns:xsi="http://www.w3.org/2001/XMLSchema-instance"
    xsi:schemaLocation="http://websphere.ibm.com/xml/ns/wamt/binary-scanner-rule ../binary-scanner-config-rule_1_0.xsd" id="DetectJASPICFeature" description="jaspic">
	<detectFeature>
		<detectJavaxImplementationProvided>
				<detectPackage names="javax.security.auth.message,
									javax.security.auth.message.callback,
									javax.security.auth.message.config,
									javax.security.auth.message.module"
								useAppProvidedLibraries="true"
								skipScanForUsage="true"/>
		</detectJavaxImplementationProvided>
		<detectJakartaImplementationProvided>
				<detectPackage names="jakarta.security.auth.message,
									jakarta.security.auth.message.callback,
									jakarta.security.auth.message.config,
									jakarta.security.auth.message.module"
								useAppProvidedLibraries="true"
								skipScanForUsage="true"/>
		</detectJakartaImplementationProvided>
		<detectUsage feature="jaspic" fileName="/rules/liberty/DetectJASPICJava.xml"/>
		<detectUsage feature="appAuthentication">
			<detectPackage names="jakarta.security.auth.message*"/>
		</detectUsage>
	</detectFeature>
</rule>