<?xml version="1.0" encoding="UTF-8"?>
<!--
***************************************************************************
* Licensed Materials - Property of IBM                                    *
* (C) Copyright IBM Corp. 2016, 2022. All Rights Reserved.                *
*                                                                         *
* US Government Users Restricted Rights - Use, duplication or disclosure  *
* restricted by GSA ADP Schedule Contract with IBM Corp.                  *
*************************************************************************** 
-->
<rule xmlns="http://websphere.ibm.com/xml/ns/wamt/binary-scanner-rule" xmlns:xsi="http://www.w3.org/2001/XMLSchema-instance"
    xsi:schemaLocation="http://websphere.ibm.com/xml/ns/wamt/binary-scanner-rule ../binary-scanner-config-rule_1_0.xsd" id="DetectJMSFeature" description="jms">
	<detectFeature>
		<detectJavaxImplementationProvided>
				<detectPackage names="javax.jms"
								useAppProvidedLibraries="true"
								skipScanForUsage="true"/>
		</detectJavaxImplementationProvided>
		<detectJakartaImplementationProvided>
				<detectPackage names="jakarta.jms"
								useAppProvidedLibraries="true"
								skipScanForUsage="true"/>
		</detectJakartaImplementationProvided>
		<detectUsage feature="jms" fileName="/rules/liberty/DetectJMSUsageJava.xml"/>
		<detectUsage feature="messaging">
			<detectPackage names="jakarta.jms"/>
		</detectUsage>
		<detectUsage feature="jms" fileName="/rules/liberty/DetectJMSXML.xml"/>		
		<detectUsage feature="messaging">
			<detectElement tags="res-type" value="jakarta\.jms\.(Topic|Queue)?ConnectionFactory">
				<xmlFile pattern="WEB-INF/web.xml"/>
				<xmlFile pattern="(.*/)?(META-INF|WEB-INF)/ejb-jar\.xml"/>
				<xmlFile pattern="META-INF/application.xml"/>
			</detectElement>
		</detectUsage>
	</detectFeature>
</rule>