<?xml version="1.0" encoding="UTF-8"?>
<!--
***************************************************************************
* Licensed Materials - Property of IBM                                    *
* (C) Copyright IBM Corp. 2016, 2023. All Rights Reserved.                *
*                                                                         *
* US Government Users Restricted Rights - Use, duplication or disclosure  *
* restricted by GSA ADP Schedule Contract with IBM Corp.                  *
*************************************************************************** 
-->
<rule xmlns="http://websphere.ibm.com/xml/ns/wamt/binary-scanner-rule" xmlns:xsi="http://www.w3.org/2001/XMLSchema-instance"
    xsi:schemaLocation="http://websphere.ibm.com/xml/ns/wamt/binary-scanner-rule ../binary-scanner-config-rule_1_0.xsd" id="DetectJAXRSFeature" description="jaxrs">
	<detectFeature>
		<detectJavaxImplementationProvided>
			<detectPackage names="javax.ws.rs,
								javax.ws.rs.core,
								javax.ws.rs.ext"
							useAppProvidedLibraries="true"
							skipScanForUsage="true"/>
		</detectJavaxImplementationProvided>
		<detectJakartaImplementationProvided>
			<detectPackage names="jakarta.ws.rs,
								jakarta.ws.rs.client,
								jakarta.ws.rs.container,
								jakarta.ws.rs.core,
								jakarta.ws.rs.ext,
								jakarta.ws.rs.sse"
							useAppProvidedLibraries="true"
							skipScanForUsage="true"/>
		</detectJakartaImplementationProvided>
		<detectUsage feature="jaxrs" fileName="/rules/liberty/DetectJaxRSJava.xml"/>
		<detectUsage feature="restfulWS">
			<detectPackage names="jakarta.ws.rs*"/>
		</detectUsage>
		<detectUsage feature="jaxrs-1.1">
			<detectPackage names="org.apache.wink*,
								org.codehaus.jackson*"/>
		</detectUsage>
	</detectFeature>
</rule>