<?xml version="1.0" encoding="UTF-8"?>
<!--
***************************************************************************
* Licensed Materials - Property of IBM                                    *
* (C) Copyright IBM Corp. 2022. All Rights Reserved.                      *
*                                                                         *
* US Government Users Restricted Rights - Use, duplication or disclosure  *
* restricted by GSA ADP Schedule Contract with IBM Corp.                  *
*************************************************************************** 
-->
<rule xmlns="http://websphere.ibm.com/xml/ns/wamt/binary-scanner-rule" xmlns:xsi="http://www.w3.org/2001/XMLSchema-instance"
    xsi:schemaLocation="http://websphere.ibm.com/xml/ns/wamt/binary-scanner-rule ../binary-scanner-rule_1_0.xsd" id="DetectJakartaEnterpriseBeansTimerJava" 
		description="com.ibm.ws.report.was2liberty.detectors.DetectJakartaEnterpriseBeansTimer.rulename">
	<detectMultipleCriteria>
		<detectClass names="jakarta.ejb.Schedule, 
						jakarta.ejb.ScheduleExpression,
						jakarta.ejb.Schedules,
						jakarta.ejb.TimedObject,
						jakarta.ejb.Timeout,
						jakarta.ejb.Timer,
						jakarta.ejb.TimerConfig,
						jakarta.ejb.TimerHandle,
						jakarta.ejb.TimerService"/>
		<!-- Merged from DetectEJBTimerXML.xml which is now removed -->
		<detectElement tags="timer, schedule, timeout-method">
			<xmlFile pattern="(.*/)?(META-INF|WEB-INF)/ejb-jar\.xml"/>
		</detectElement>
		<detectElement tags="res-type" value="jakarta\.ejb\.TimerService">
			<xmlFile pattern="(.*/)?(META-INF|WEB-INF)/ejb-jar\.xml"/>
		</detectElement>
	</detectMultipleCriteria>
</rule>