<?xml version="1.0" encoding="UTF-8"?>
<!--
***************************************************************************
* Licensed Materials - Property of IBM                                    *
* (C) Copyright IBM Corp. 2019, 2023. All Rights Reserved.                *
*                                                                         *
* US Government Users Restricted Rights - Use, duplication or disclosure  *
* restricted by GSA ADP Schedule Contract with IBM Corp.                  *
*************************************************************************** 
-->
<rule xmlns="http://websphere.ibm.com/xml/ns/wamt/binary-scanner-rule" xmlns:xsi="http://www.w3.org/2001/XMLSchema-instance"
    xsi:schemaLocation="http://websphere.ibm.com/xml/ns/wamt/binary-scanner-rule ../binary-scanner-config-rule_1_0.xsd" id="DetectAppSecurityFeature" description="appSecurity">
	<detectFeature>
		<detectUsage feature="appSecurity-2.0">
			<detectClass names="javax.servlet.annotation.ServletSecurity,
								javax.annotation.security.RolesAllowed,
								javax.annotation.security.PermitAll,
								javax.annotation.security.DenyAll"/>
			<detectMethod name="getRemoteUser,
							getUserPrincipal, 
							isUserInRole"
					owners="javax.servlet.http.HttpServletRequest"/>
			<detectMethod name="getCallerPrincipal,
							isCallerInRole"
					owners="javax.servlet.http.EJBContext"/>
			<detectElement tags="security-constraint, login-config, auth-method" >
				<xmlFile pattern="WEB-INF/web.xml"/>
			</detectElement>
			<detectMethod name="validateToken"
					owners="com.ibm.wsspi.security.token.WSSecurityPropagationHelper"/>
			<detectClass names="com.ibm.wsspi.security.token.ValidationResult"/>
		</detectUsage>
		<detectUsage feature="appSecurity-3.0">
			<detectPackage names="javax.security.enterprise,
					javax.security.enterprise.authentication.mechanism.http, 	
					javax.security.enterprise.credential, 	
					javax.security.enterprise.identitystore"/>
		</detectUsage>
		<detectUsage feature="appSecurity-4.0,appSecurity-5.0">
			<detectClass names="jakarta.security.enterprise,
								jakarta.security.enterprise.authentication.mechanism.http, 	
								jakarta.security.enterprise.credential, 	
								jakarta.security.enterprise.identitystore
								jakarta.servlet.annotation.ServletSecurity,
								jakarta.annotation.security.RolesAllowed,
								jakarta.annotation.security.PermitAll,
								jakarta.annotation.security.DenyAll"/>
			<detectMethod name="getRemoteUser,
							getUserPrincipal, 
							isUserInRole"
					owners="jakarta.servlet.http.HttpServletRequest"/>
			<detectMethod name="getCallerPrincipal,
							isCallerInRole"
					owners="jakarta.servlet.http.EJBContext"/>
		</detectUsage>
		<detectUsage feature="appSecurity-5.0">
			<detectPackage names="jakarta.security.enterprise.authentication.mechanism.http.openid,
								  jakarta.security.enterprise.identitystore.openid"/>
		</detectUsage>
	</detectFeature>
</rule>