<?xml version="1.0" encoding="UTF-8"?>
<!--
***************************************************************************
* Licensed Materials - Property of IBM                                    *
* (C) Copyright IBM Corp. 2018, 2023. All Rights Reserved.                *
*                                                                         *
* US Government Users Restricted Rights - Use, duplication or disclosure  *
* restricted by GSA ADP Schedule Contract with IBM Corp.                  *
*************************************************************************** 
-->
<rule xmlns="http://websphere.ibm.com/xml/ns/wamt/binary-scanner-rule" xmlns:xsi="http://www.w3.org/2001/XMLSchema-instance"
    xsi:schemaLocation="http://websphere.ibm.com/xml/ns/wamt/binary-scanner-rule ../binary-scanner-config-rule_1_0.xsd" id="DetectJSONBFeature" description="jsonb">
	<detectFeature>
		<detectJavaxImplementationProvided>
				<detectPackage names="javax.json.bind,
                                   javax.json.bind.adapter,
                                   javax.json.bind.annotation,
                                   javax.json.bind.config,
                                   javax.json.bind.serializer,
                                   javax.json.bind.spi"
								useAppProvidedLibraries="true"
								skipScanForUsage="true"/>
		</detectJavaxImplementationProvided>
		<detectJakartaImplementationProvided>
				<detectPackage names="jakarta.json.bind,
                                   jakarta.json.bind.adapter,
                                   jakarta.json.bind.annotation,
                                   jakarta.json.bind.config,
                                   jakarta.json.bind.serializer,
                                   jakarta.json.bind.spi"
								useAppProvidedLibraries="true"
								skipScanForUsage="true"/>
		</detectJakartaImplementationProvided>
		<detectUsage feature="jsonb-1.0" fileName="/rules/liberty/DetectJSONBUsageJava.xml"/>
		<detectUsage feature="jsonb-2.0,jsonb-3.0">
			<detectPackage names="jakarta.json.bind*"/>
			<detectMethod name="json"
					arguments="java.lang.Object"
					owners="jakarta.ws.rs.client.Entity"/>
			<detectMethodParameter name="request"
				arguments="java.lang.String[]"
				owners="jakarta.ws.rs.client.WebTarget">	
				<argument position="0" flagVariable="true" flagVariableValue="application/json" flagStringLiteral="application/json"/>
			</detectMethodParameter> 
		</detectUsage>
		<!-- If the "application/json" string literal is detected, add the json-b feature only if restfulWS was 
			 also detected. -->
		<detectUsage feature="jsonbIfRestfulWS">
		    <detectStringLiteral>
			    <literal value="application/json"/>
			</detectStringLiteral>
		</detectUsage>
	</detectFeature>
</rule>