<?xml version="1.0" encoding="UTF-8"?>
<!--
***************************************************************************
* Licensed Materials - Property of IBM                                    *
* (C) Copyright IBM Corp. 2014. All Rights Reserved.                      *
*                                                                         *
* US Government Users Restricted Rights - Use, duplication or disclosure  *
* restricted by GSA ADP Schedule Contract with IBM Corp.                  *
*************************************************************************** 
-->
<rule xmlns="http://websphere.ibm.com/xml/ns/wamt/binary-scanner-rule" xmlns:xsi="http://www.w3.org/2001/XMLSchema-instance"
    xsi:schemaLocation="http://websphere.ibm.com/xml/ns/wamt/binary-scanner-rule ../binary-scanner-rule_1_0.xsd" id="DetectJAXRPCXML" 
		description="com.ibm.rrd.liberty.rules.impl.java.DetectJAXRPC.rulename">
		<detectMultipleCriteria>
			<detectElement tags="jaxrpc-mapping-file">
				<xmlFile pattern="(.*/)?(META-INF|WEB-INF)/webservices\.xml"/>
				<xmlFile pattern="WEB-INF/web.xml"/>
				<xmlFile pattern="(.*/)?(META-INF|WEB-INF)/ejb-jar\.xml"/>
				<xmlFile pattern="META-INF/application.xml"/>
			</detectElement>
			<detectFile>
				<file pattern=".*/ibm-webservices-ext\.xmi$"/>
				<file pattern=".*/ibm-webservices-bnd\.xmi$"/>
				<file pattern=".*/ibm-webservicesclient-ext\.xmi$"/>
				<file pattern=".*/ibm-webservicesclient-bnd\.xmi$"/>
				<file pattern=".*/ws-security\.xml$"/>
			</detectFile>
		</detectMultipleCriteria>
</rule>
