<?xml version="1.0" encoding="UTF-8"?>
<!--
***************************************************************************
* Licensed Materials - Property of IBM                                    *
* (C) Copyright IBM Corp. 2021. All Rights Reserved.                      *
*                                                                         *
* US Government Users Restricted Rights - Use, duplication or disclosure  *
* restricted by GSA ADP Schedule Contract with IBM Corp.                  *
*************************************************************************** 
-->
<rule xmlns="http://websphere.ibm.com/xml/ns/wamt/binary-scanner-rule" xmlns:xsi="http://www.w3.org/2001/XMLSchema-instance"
    xsi:schemaLocation="http://websphere.ibm.com/xml/ns/wamt/binary-scanner-rule ../binary-scanner-rule_1_0.xsd" id="DetectJBossStringLiterals" description="com.ibm.ws.appconversion.jboss.java.DetectJBossStringLiterals">
		<!-- Detects for cases of "jboss" string literals, but excludes the following string literals because they are flagged with more specific rules:
			 "org\.jboss\.(?!ws\.timeout$|webservice\.client\.timeout$).*"
			 "(java:|java:jboss.*|java:jdbc.*|java:\/.*)"
			 "org\.jboss\.(ws\.timeout|webservice\.client\.timeout)|javax\.xml\.ws\.client\.(receiveTimeout|connectionTimeout)"
		 -->
		 <detectMultipleCriteria>
			<detectStringLiteral>
				<literal value="(?!.*((org\.jboss\.(?!ws\.timeout$|webservice\.client\.timeout$).*))|(^(java:|java:jboss.*|java:jdbc.*|java:\/.*))|(org\.jboss\.(ws\.timeout|webservice\.client\.timeout)|javax\.xml\.ws\.client\.(receiveTimeout|connectionTimeout)))(?i).*jboss.*"/>
			</detectStringLiteral>
			<detectProperty file=".*\.properties">
				<property key="(?i).*jboss.*"/>
				<property value="(?i).*jboss.*"/>
			</detectProperty>
		</detectMultipleCriteria>
</rule>