<?xml version="1.0" encoding="UTF-8"?>
<!--
***************************************************************************
* Licensed Materials - Property of IBM                                    *
* (C) Copyright IBM Corp. 2018. All Rights Reserved.                      *
*                                                                         *
* US Government Users Restricted Rights - Use, duplication or disclosure  *
* restricted by GSA ADP Schedule Contract with IBM Corp.                  *
*************************************************************************** 
-->
<rule xmlns="http://websphere.ibm.com/xml/ns/wamt/binary-scanner-rule" xmlns:xsi="http://www.w3.org/2001/XMLSchema-instance"
    xsi:schemaLocation="http://websphere.ibm.com/xml/ns/wamt/binary-scanner-rule ../binary-scanner-rule_1_0.xsd" id="DetectJBossLoginModules" description="appconversion.jboss.xml.login.module">
	<detectMultipleCriteria>
		<detectElement tags="security-domain">
			<xmlFile pattern="/jboss-web.xml"/>
		</detectElement>
		<detectElement tags="login-config">
			<xmlFile pattern="WEB-INF/web.xml"/>
		</detectElement>
	</detectMultipleCriteria>
</rule>