<?xml version="1.0" encoding="UTF-8"?>
<!--
***************************************************************************
* Licensed Materials - Property of IBM                                    *
* (C) Copyright IBM Corp. 2017, 2021. All Rights Reserved.                *
*                                                                         *
* US Government Users Restricted Rights - Use, duplication or disclosure  *
* restricted by GSA ADP Schedule Contract with IBM Corp.                  *
*************************************************************************** 
-->
<rules xmlns="http://websphere.ibm.com/xml/ns/wamt/binary-scanner-rule-list" xmlns:xsi="http://www.w3.org/2001/XMLSchema-instance"
  	xsi:schemaLocation="http://websphere.ibm.com/xml/ns/wamt/binary-scanner-rule-list ../binary-scanner-rule-list_1_0.xsd" mainCategory="com.ibm.ws.appconversion.jboss.ruleset" secondaryCategory="com.ibm.ws.appconversion.jboss.general">
	<rule className="com.ibm.ws.report.binary.rules.custom.DetectJBossEjbJndiNames" help="/ruleinfo/appconversion/jboss/JNDIName.html" severity="severe" devCost="0.25" instanceCost="0.1"/>
	<rule className="com.ibm.ws.report.binary.rules.custom.DetectJBossEjbLocalJndiNames" help="/ruleinfo/appconversion/common/LocalJNDIName.html" severity="severe" devCost="0.25" instanceCost="0.1"/>
	<rule className="com.ibm.ws.report.binary.rules.custom.MigrateJBossManifestRule" help="/ruleinfo/appconversion/jboss/MigrateClassPathJBoss.html" severity="severe" devCost="0.5" instanceCost="0.1"/>
	<rule className="com.ibm.ws.report.binary.rules.custom.ResRefName" help="/ruleinfo/appconversion/jboss/ResourceReferences.html" severity="severe" devCost="0.25" instanceCost="0.1"/>
	<rule className="com.ibm.ws.report.binary.rules.custom.ResRefNameManual" help="/ruleinfo/appconversion/jboss/ResourceReferencesManual.html" severity="severe" devCost="1" instanceCost="0.1"/>
	<rule fileName="DetectContextRoot.xml" help="/ruleinfo/appconversion/jboss/ContextRoot.html" severity="severe" devCost="0.25" instanceCost="0.1"/>
	<rule fileName="DetectDestinationJndiName.xml" help="/ruleinfo/appconversion/jboss/MessageDriven.html" severity="severe" devCost="1" instanceCost="0.1"/>
	<rule fileName="DetectEJBLocalRef.xml" help="/ruleinfo/appconversion/jboss/EJBLocalReferences.html" severity="severe" devCost="0.25" instanceCost="0.1"/>
	<rule fileName="DetectEJBRefName.xml" help="/ruleinfo/appconversion/jboss/EJBReferences.html" severity="severe" devCost="0.25" instanceCost="0.1"/>
	<rule fileName="DetectResourceEnvRef.xml" help="/ruleinfo/appconversion/jboss/ResourceEnvDescription.html" severity="severe" devCost="0.25" instanceCost="0.1"/>
	<rule fileName="DetectJBossLoginModules.xml" help="/ruleinfo/appconversion/jboss/DoNotUseJBossLoginModules.html" severity="severe" devCost="1" instanceCost="0.1"/>
	<rule fileName="DetectJBossXMLFiles.xml" help="/ruleinfo/appconversion/jboss/UnhandledXMLFiles.html" severity="warning" devCost="0.5" instanceCost="0"/>
	<rule fileName="/rules/common/DetectNonPortableJNDILookup.xml" help="/ruleinfo/appconversion/jboss/UsePortableJNDINames.html" severity="warning" devCost="1" instanceCost="0.1"/>
	<rule fileName="/rules/common/DetectNonPortableMbeans.xml" help="/ruleinfo/appconversion/common/DetectNonPortableMbeans.html" severity="warning" devCost="1" instanceCost="0.1"/>
	<rule fileName="JBossNamingLookupString.xml" help="/ruleinfo/appconversion/jboss/JBossNamingLookupString.html" severity="severe" devCost="1" instanceCost="0.1"/>
	<rule fileName="StartupShutdownMBean.xml" help="/ruleinfo/appconversion/jboss/StartupShutdownMBean.html" severity="severe" devCost="5" instanceCost="0.1"/>
	<rule fileName="UnhandledJbossPackages.xml" help="/ruleinfo/appconversion/jboss/JbossPackages.html" severity="severe" devCost="5" instanceCost="0.1"/>
	<rule fileName="JBossDependencyString.xml" help="/ruleinfo/appconversion/jboss/JBossDependencyString.html" severity="severe" devCost="1" instanceCost="0.1"/>
	<rule className="com.ibm.ws.report.binary.rules.custom.RemoveJBossNonPortableJndiLookup" help="/ruleinfo/appconversion/jboss/RemoveJBossNonPortableJNDILookup.html" severity="severe" devCost="0.5" instanceCost="0.1"/>
	<rule fileName="/rules/common/DetectGetRealPathMethodEndSlash.xml" help="/ruleinfo/appconversion/jboss/DetectGetRealPathJBossSlash.html" severity="info" devCost="0" instanceCost="0"/>
	<rule className="com.ibm.ws.report.binary.rules.custom.DetectGetServletPath" help="/ruleinfo/appconversion/competitive/DetectGetServletPathCompetitive.html" severity="info" devCost="0" instanceCost="0"/>
	<rule fileName="DetectJBossStringLiterals.xml" help="/ruleinfo/appconversion/jboss/DetectJBossStringLiterals.html" severity="severe" devCost="1" instanceCost="0.1"/>
</rules>