<?xml version="1.0" encoding="UTF-8"?>
<!--
***************************************************************************
* Licensed Materials - Property of IBM                                    *
* (C) Copyright IBM Corp. 2016. All Rights Reserved.                      *
*                                                                         *
* US Government Users Restricted Rights - Use, duplication or disclosure  *
* restricted by GSA ADP Schedule Contract with IBM Corp.                  *
*************************************************************************** 
-->
<rule xmlns="http://websphere.ibm.com/xml/ns/wamt/binary-scanner-rule" xmlns:xsi="http://www.w3.org/2001/XMLSchema-instance"
    xsi:schemaLocation="http://websphere.ibm.com/xml/ns/wamt/binary-scanner-rule ../binary-scanner-rule_1_0.xsd" id="CountJAXWSProviders" 
		description="com.ibm.ws.report.binary.java.jaxwsProviders">
	<detectMultipleCriteria>		
		<detectAnnotation name="javax.jws.WebService">
			<location type="class"/>
		</detectAnnotation>
		<detectAnnotation name="javax.xml.ws.WebServiceProvider">
			<location type="class"/>
		</detectAnnotation>
	</detectMultipleCriteria>
</rule>