<?xml version="1.0" encoding="UTF-8"?>
<!--
***************************************************************************
* Licensed Materials - Property of IBM                                    *
* (C) Copyright IBM Corp. 2017. All Rights Reserved.                      *
*                                                                         *
* US Government Users Restricted Rights - Use, duplication or disclosure  *
* restricted by GSA ADP Schedule Contract with IBM Corp.                  *
*************************************************************************** 
-->
<rule xmlns="http://websphere.ibm.com/xml/ns/wamt/binary-scanner-rule" xmlns:xsi="http://www.w3.org/2001/XMLSchema-instance"
    xsi:schemaLocation="http://websphere.ibm.com/xml/ns/wamt/binary-scanner-rule ../binary-scanner-rule_1_0.xsd" id="DetectMetaDataComplete" 
		description="com.ibm.ws.report.binary.java.metaDataComplete">
	<detectMultipleCriteria>
		<detectAttribute tags="web-app" attributeName="metadata-complete">
			<xmlFile pattern="WEB-INF/web.xml"/>
		</detectAttribute>
		<detectAttribute tags="web-fragment" attributeName="metadata-complete">
			<xmlFile pattern="META-INF/web-fragment.xml"/>
		</detectAttribute>
		<detectAttribute tags="connector" attributeName="metadata-complete">
			<xmlFile pattern="META-INF/ra.xml"/>
		</detectAttribute>
		<detectAttribute tags="ejb-jar" attributeName="metadata-complete">
			<xmlFile pattern="(.*/)?(META-INF|WEB-INF)/ejb-jar\.xml"/>
		</detectAttribute>
	</detectMultipleCriteria>
</rule>