<?xml version="1.0" encoding="UTF-8"?>
<!--
***************************************************************************
* Licensed Materials - Property of IBM                                    *
* (C) Copyright IBM Corp. 2016, 2017. All Rights Reserved.                *
*                                                                         *
* US Government Users Restricted Rights - Use, duplication or disclosure  *
* restricted by GSA ADP Schedule Contract with IBM Corp.                  *
*************************************************************************** 
-->
<rule xmlns="http://websphere.ibm.com/xml/ns/wamt/binary-scanner-rule" xmlns:xsi="http://www.w3.org/2001/XMLSchema-instance"
    xsi:schemaLocation="http://websphere.ibm.com/xml/ns/wamt/binary-scanner-rule ../binary-scanner-rule_1_0.xsd" id="DetectJavaEEVersion" 
		description="com.ibm.ws.report.binary.java.JavaEEVersions">
	<detectMultipleCriteria>
		<detectDTD dtdName=".*((application_1_(2|3))|(application-client_1_(2|3))|(web-app_2_(2|3))|(connector_1_(0|5))|(ejb-jar_(1_1|2_0))).*">
			<xmlFile pattern="META-INF/ejb-jar.xml"/>
			<xmlFile pattern="META-INF/application.xml"/>
			<xmlFile pattern="META-INF/application-client.xml"/>
			<xmlFile pattern="WEB-INF/web.xml"/>
			<xmlFile pattern="META-INF/ra.xml"/>
		</detectDTD>
		<detectAttribute tags="ejb-jar" attributeName="version">
			<xmlFile pattern="META-INF/ejb-jar.xml"/>
		</detectAttribute>
		<detectAttribute tags="application" attributeName="version">
			<xmlFile pattern="META-INF/application.xml"/>
		</detectAttribute>
		<detectAttribute tags="application-client" attributeName="version">
			<xmlFile pattern="META-INF/application-client.xml"/>
		</detectAttribute>
		<detectAttribute tags="connector" attributeName="version">
			<xmlFile pattern="META-INF/ra.xml"/>
		</detectAttribute>
		<detectAttribute tags="web-app" attributeName="version">
			<xmlFile pattern="WEB-INF/web.xml"/>
		</detectAttribute>
		<detectAttribute tags="web-fragment" attributeName="version">
			<xmlFile pattern="META-INF/web-fragment.xml"/>
		</detectAttribute>
	</detectMultipleCriteria>
</rule>