<?xml version="1.0" encoding="UTF-8"?>
<!--
***************************************************************************
* Licensed Materials - Property of IBM                                    *
* (C) Copyright IBM Corp. 2020. All Rights Reserved.                      *
*                                                                         *
* US Government Users Restricted Rights - Use, duplication or disclosure  *
* restricted by GSA ADP Schedule Contract with IBM Corp.                  *
*************************************************************************** 
-->
<rule xmlns="http://websphere.ibm.com/xml/ns/wamt/binary-scanner-rule" xmlns:xsi="http://www.w3.org/2001/XMLSchema-instance"
    xsi:schemaLocation="http://websphere.ibm.com/xml/ns/wamt/binary-scanner-rule ../binary-scanner-rule_1_0.xsd" id="DetectSpringVersion" description="com.ibm.ws.report.binary.java.SpringVersion">
	<detectMultipleCriteria>
		<detectDTD dtdName=".*(dtd/spring-beans-[0-9]\.[0-9]).*">
			<xmlFile pattern=".*\.xml"/>
		</detectDTD>
		<detectAttribute tags="beans" attributeName="schemaLocation" attributeValue=".*(spring-beans-[0-9]\.[0-9]\.xsd).*">
			<xmlFile pattern=".*\.xml"/>
		</detectAttribute>
		<detectManifestAttribute name="Implementation-Version" value=".*" archiveName=".*/spring-core.*(RELEASE)?.jar/.*"/>
	</detectMultipleCriteria>
</rule>