<?xml version="1.0" encoding="UTF-8"?>
<!--
***************************************************************************
* Licensed Materials - Property of IBM                                    *
* (C) Copyright IBM Corp. 2016, 2021. All Rights Reserved.                *
*                                                                         *
* US Government Users Restricted Rights - Use, duplication or disclosure  *
* restricted by GSA ADP Schedule Contract with IBM Corp.                  *
*************************************************************************** 
-->
<rules xmlns="http://websphere.ibm.com/xml/ns/wamt/binary-scanner-rule-list" xmlns:xsi="http://www.w3.org/2001/XMLSchema-instance"
    xsi:schemaLocation="http://websphere.ibm.com/xml/ns/wamt/binary-scanner-rule-list ../binary-scanner-rule-list_1_0.xsd" >
	<rule fileName="CountJspFiles.xml" severity="info"/>
	<rule fileName="CountRarFiles.xml" severity="info"/>
	<rule fileName="CountWarFiles.xml" severity="info"/>
	<rule fileName="DetectJavaEEVersion.xml" severity="info"/>
	<rule fileName="DetectMetaDataComplete.xml" severity="info" devCost="0"/>
	<rule fileName="DetectSpringVersion.xml" severity="info"/>
	<rule fileName="/rules/allServers/DetectSystemProperties.xml" severity="info"/>
	<rule className="com.ibm.ws.report.binary.rules.custom.inventory.CountBeans" severity="info"/>
	<rule className="com.ibm.ws.report.binary.rules.custom.inventory.CountJarFiles" severity="info"/>
	<rule className="com.ibm.ws.report.binary.rules.custom.inventory.CountJAXRPCProviders" severity="info"/>
	<rule className="com.ibm.ws.report.binary.rules.custom.inventory.CountJAXRPCConsumers" severity="info"/>
	<rule className="com.ibm.ws.report.binary.rules.custom.inventory.CountJAXRS" severity="info"/>
	<rule className="com.ibm.ws.report.binary.rules.custom.inventory.CountJAXRSConsumers" severity="info"/>
	<rule className="com.ibm.ws.report.binary.rules.custom.inventory.CountJAXWS" severity="info"/>
	<rule className="com.ibm.ws.report.binary.rules.custom.inventory.CountJAXWSProviders" severity="info"/>
	<rule className="com.ibm.ws.report.binary.rules.custom.inventory.CountServlets" severity="info"/>
	<rule className="com.ibm.ws.report.binary.rules.custom.inventory.CountSpringBeans" severity="info"/>
	<rule className="com.ibm.ws.report.binary.rules.custom.inventory.DetectExcessClassFiles" severity="info"/>	
	<rule className="com.ibm.ws.report.binary.rules.custom.inventory.DetectExcessResourcesInWebModule" severity="info"/>
	<rule className="com.ibm.ws.report.binary.rules.custom.inventory.DetectSession" severity="info"/>
 	<rule className="com.ibm.ws.report.binary.rules.custom.inventory.DuplicatePackages" severity="info"/>
	<rule className="com.ibm.ws.report.binary.rules.custom.inventory.ThirdPartyImplementation" severity="info"/>
	<rule className="com.ibm.ws.report.binary.rules.custom.inventory.JavaEEImplementationsAlreadyProvided" severity="info"/>
	<rule className="com.ibm.ws.report.binary.rules.custom.inventory.MissingDependencies" severity="info"/>
	<rule className="com.ibm.ws.report.binary.rules.custom.inventory.SharedLibDependencies" severity="info"/>
	<rule className="com.ibm.ws.report.binary.rules.custom.inventory.WebSphereImplementation" severity="info"/>
</rules>