<assembly xmlns="http://maven.apache.org/ASSEMBLY/2.1.0"
  xmlns:xsi="http://www.w3.org/2001/XMLSchema-instance"
  xsi:schemaLocation="http://maven.apache.org/ASSEMBLY/2.1.0 http://maven.apache.org/xsd/assembly-2.1.0.xsd">
  <id>application</id>
  <formats>
    <format>tar</format>
  </formats>
  <includeBaseDirectory>false</includeBaseDirectory>
  <fileSets>
    <fileSet>
      <outputDirectory>${app-classes.output.dir}</outputDirectory>
      <directory>${app-layers.dir}/application</directory>
      <!-- Prevent modification of Java *.class files and other content which is considered a part of the application -->
      <fileMode>0444</fileMode>
      <!-- This directory defines Java class path, so don't allow creation of new files for security -->
      <directoryMode>0555</directoryMode>
    </fileSet>
  </fileSets>
</assembly>
