<assembly xmlns="http://maven.apache.org/ASSEMBLY/2.1.0"
  xmlns:xsi="http://www.w3.org/2001/XMLSchema-instance"
  xsi:schemaLocation="http://maven.apache.org/ASSEMBLY/2.1.0 http://maven.apache.org/xsd/assembly-2.1.0.xsd">
  <id>dependencies</id>
  <formats>
    <format>tar</format>
  </formats>
  <includeBaseDirectory>false</includeBaseDirectory>
  <fileSets>
    <fileSet>
      <outputDirectory>usr/bin</outputDirectory>
      <directory>${project.build.directory}</directory>
      <includes>
        <include>tini</include>
      </includes>
      <fileMode>0555</fileMode>
    </fileSet>
    <fileSet>
      <outputDirectory>${app-classes.output.dir}</outputDirectory>
      <directory>${app-layers.dir}/dependencies</directory>
      <fileMode>0444</fileMode>
      <directoryMode>0555</directoryMode>
    </fileSet>
  </fileSets>
</assembly>
