<assembly xmlns="http://maven.apache.org/ASSEMBLY/2.1.0"
  xmlns:xsi="http://www.w3.org/2001/XMLSchema-instance"
  xsi:schemaLocation="http://maven.apache.org/ASSEMBLY/2.1.0 http://maven.apache.org/xsd/assembly-2.1.0.xsd">
  <id>docker-context</id>
  <formats>
    <format>dir</format>
  </formats>
  <includeBaseDirectory>false</includeBaseDirectory>
  <fileSets>
    <fileSet>
      <outputDirectory/>
      <directory>src/main/docker</directory>
      <includes>
        <include>Dockerfile</include>
      </includes>
      <!-- Fill the placeholders in Dockerfile -->
      <filtered>true</filtered>
      <!-- Explicitly define wanted line endings to avoid being platform specific -->
      <lineEnding>unix</lineEnding>
    </fileSet>
    <fileSet>
      <outputDirectory/>
      <directory>${project.build.directory}</directory>
      <includes>
        <include>dependencies.tar</include>
        <include>spring-boot-loader.tar</include>
        <include>snapshot-dependencies.tar</include>
        <include>application.tar</include>
      </includes>
    </fileSet>
  </fileSets>
</assembly>
