<?xml version="1.0" encoding="UTF-8"?>
<!--
***************************************************************************
* Licensed Materials - Property of IBM                                    *
* (C) Copyright IBM Corp. 2018, 2021. All Rights Reserved.                *
*                                                                         *
* US Government Users Restricted Rights - Use, duplication or disclosure  *
* restricted by GSA ADP Schedule Contract with IBM Corp.                  *
*************************************************************************** 
-->
<!-- This is the list of rules for any competitive app server migrating to WebSphere (both tWAS and Liberty)  -->
<rules xmlns="http://websphere.ibm.com/xml/ns/wamt/binary-scanner-rule-list" xmlns:xsi="http://www.w3.org/2001/XMLSchema-instance"
    xsi:schemaLocation="http://websphere.ibm.com/xml/ns/wamt/binary-scanner-rule-list ../binary-scanner-rule-list_1_0.xsd"  mainCategory="com.ibm.ws.appconversion.competitive.category">
	<rule fileName="EHCacheXML.xml" help="/ruleinfo/appconversion/competitive/EHCacheXML.html" severity="warning" devCost="0.25" instanceCost="0.1"/>
	<rule className="com.ibm.ws.report.binary.rules.custom.InterfaceBothLocalAndRemote" help="/ruleinfo/appconversion/competitive/InterfaceBothLocalAndRemote.html" severity="severe" devCost="0.25" instanceCost="0.1"/>
	
	<!-- JSP Rules -->
	<rule className="com.ibm.ws.report.binary.rules.custom.BehaviorJSTLELReservedWords" help="/ruleinfo/appconversion/common/BehaviorJSTLELReservedWords.html" severity="severe" devCost="0.25" instanceCost="0.1"/>
	<rule className="com.ibm.ws.report.binary.rules.custom.BehaviorTaglibPrefixRedefinition" help="/ruleinfo/appconversion/common/BehaviorTaglibPrefixRedefinition.html" severity="severe" devCost="0.25" instanceCost="0.1"/>
	<rule className="com.ibm.ws.report.binary.rules.custom.DetectWelcomeFileRequestQueryString" help="/ruleinfo/appconversion/common/DetectWelcomeFileRequestQueryString.html" severity="severe" devCost="0.25" instanceCost="0.1"/>
	<rule className="com.ibm.ws.report.binary.rules.custom.JspNestedQuotesRule" help="/ruleinfo/appconversion/common/JspNestedQuotesRule.html" severity="severe" devCost="0.25" instanceCost="0.1"/>
	<rule className="com.ibm.ws.report.binary.rules.custom.StaticIncludeJspRule" help="/ruleinfo/appconversion/common/StaticInclude.html" severity="warning" devCost="0.25" instanceCost="0.1"/>
	<rule className="com.ibm.ws.report.binary.rules.custom.TagAttributeCaseRule" help="/ruleinfo/appconversion/common/JspTagAttributeCase.html" severity="severe" devCost="0.25" instanceCost="0.1"/>
	
	<!-- File Rules -->
    <rule fileName="WebInfContentRule.xml" help="/ruleinfo/appconversion/competitive/WebInfContentRule.html" severity="warning" devCost="0.25" instanceCost="0.1"/>
	
</rules>