<?xml version="1.0" encoding="UTF-8"?>
<!--
***************************************************************************
* Licensed Materials - Property of IBM                                    *
* (C) Copyright IBM Corp. 2018. All Rights Reserved.                      *
*                                                                         *
* US Government Users Restricted Rights - Use, duplication or disclosure  *
* restricted by GSA ADP Schedule Contract with IBM Corp.                  *
*************************************************************************** 
-->
<rule xmlns="http://websphere.ibm.com/xml/ns/wamt/binary-scanner-rule" xmlns:xsi="http://www.w3.org/2001/XMLSchema-instance"
    xsi:schemaLocation="http://websphere.ibm.com/xml/ns/wamt/binary-scanner-rule ../binary-scanner-rule_1_0.xsd" id="EHCacheXML" 
		description="appconversion.competitive.rule.EHCacheXML.rulename">
	<detectMultipleCriteria>
		<detectAttribute tags="cache" attributeName="maxElementsInMemory">
			<xmlFile pattern="(.*/)?ehcache\.xml"/>
		</detectAttribute>
		<detectAttribute tags="cache" attributeName="maxEntriesLocalHeap">
			<xmlFile pattern="(.*/)?ehcache\.xml"/>
		</detectAttribute>
		<detectAttribute tags="cache" attributeName="timeToIdleSeconds" attributeValue="^(0|3[6-9][0-9][0-9]|[4-9][0-9]{3,}|[1-9][0-9]{4,})$">
			<xmlFile pattern="(.*/)?ehcache\.xml"/>
		</detectAttribute>
		<detectAttribute tags="cache" attributeName="timeToLiveSeconds" attributeValue="^(0|3[6-9][0-9][0-9]|[4-9][0-9]{3,}|[1-9][0-9]{4,})$">
			<xmlFile pattern="(.*/)?ehcache\.xml"/>
		</detectAttribute>
	</detectMultipleCriteria>
</rule>