<assembly xmlns="http://maven.apache.org/plugins/maven-assembly-plugin/assembly/1.1.2"
    xmlns:xsi="http://www.w3.org/2001/XMLSchema-instance"
    xsi:schemaLocation="http://maven.apache.org/plugins/maven-assembly-plugin/assembly/1.1.2 http://maven.apache.org/xsd/assembly-1.1.2.xsd">
  <id>jolokia-it</id>
  <dependencySets>
    <dependencySet>
      <includes>
        <include>org.jolokia:jolokia-war</include>
      </includes>
      <outputDirectory>.</outputDirectory>
      <outputFileNameMapping>jolokia.war</outputFileNameMapping>
      <useProjectArtifact>false</useProjectArtifact>
    </dependencySet>
    <dependencySet>
      <includes>
        <include>org.jolokia:jolokia-it-war</include>
      </includes>
      <outputDirectory>.</outputDirectory>
      <outputFileNameMapping>jolokia-it.war</outputFileNameMapping>
      <useProjectArtifact>false</useProjectArtifact>
    </dependencySet>
  </dependencySets>
  <fileSets>
    <fileSet>
      <directory>${project.basedir}/src/main/docker</directory>
      <outputDirectory>test/</outputDirectory>
      <filtered>true</filtered>
      <includes>
        <include>hello.sh</include>
      </includes>
      <fileMode>755</fileMode>
    </fileSet>
  </fileSets>
</assembly>
