<?xml version="1.0" encoding="UTF-8"?>
<!--
***************************************************************************
* Licensed Materials - Property of IBM                                    *
* (C) Copyright IBM Corp. 2018. All Rights Reserved.                      *
*                                                                         *
* US Government Users Restricted Rights - Use, duplication or disclosure  *
* restricted by GSA ADP Schedule Contract with IBM Corp.                  *
*************************************************************************** 
-->
<rule xmlns="http://websphere.ibm.com/xml/ns/wamt/binary-scanner-rule" xmlns:xsi="http://www.w3.org/2001/XMLSchema-instance"
    xsi:schemaLocation="http://websphere.ibm.com/xml/ns/wamt/binary-scanner-rule ../binary-scanner-rule_1_0.xsd" id="DetectSeam" 
		description="appconversion.framework.seam">
	<detectMultipleCriteria flagOnce="true">
		<detectPackage names="org.jboss.seam*"/>
		<detectElement tags="listener-class" value="org\.jboss\.seam\.servlet\.SeamListener">
			<xmlFile pattern="/web.xml"/>
		</detectElement>
		<detectElement tags="servlet-class" value="org\.jboss\.seam\.servlet\.ResourceServlet">
			<xmlFile pattern="/web.xml"/>
		</detectElement>
		<detectElement tags="filter-class" value="org\.jboss\.seam\.web\.SeamFilter">
			<xmlFile pattern="/web.xml"/>
		</detectElement>
		<detectElement tags="phase-listener" value="org\.jboss\.seam\.jsf\.SeamPhaseListener">
			<xmlFile pattern="/faces-config.xml"/>
		</detectElement>
		<detectElement tags="interceptor-class" value="org\.jboss\.seam\.ejb\.SeamInterceptor">
			<xmlFile pattern="/ejb-jar.xml"/>
		</detectElement>
		<detectDTD dtdName="http://jboss\.com/products/seam/.*" rootTag="components">
			<xmlFile pattern=".xml"/>
		</detectDTD>
		<detectElement tags="components" documentNamespace="http://jboss\.com/products/seam/(components|core|drools|framework|jms|remoting|theme)" flagRootNode="true">
			<xmlFile pattern=".xml"/>
		</detectElement>
	</detectMultipleCriteria>
</rule>
