<?xml version="1.0" encoding="UTF-8"?>
<!--
***************************************************************************
* Licensed Materials - Property of IBM                                    *
* (C) Copyright IBM Corp. 2018. All Rights Reserved.                      *
*                                                                         *
* US Government Users Restricted Rights - Use, duplication or disclosure  *
* restricted by GSA ADP Schedule Contract with IBM Corp.                  *
*************************************************************************** 
-->
<rule xmlns="http://websphere.ibm.com/xml/ns/wamt/binary-scanner-rule" xmlns:xsi="http://www.w3.org/2001/XMLSchema-instance"
    xsi:schemaLocation="http://websphere.ibm.com/xml/ns/wamt/binary-scanner-rule ../binary-scanner-rule_1_0.xsd" id="DetectSpring" 
		description="appconversion.framework.spring">
	<detectMultipleCriteria flagOnce="true">
		<detectPackage names="org.springframework*"/>
		<detectDTD rootTag="beans" dtdName=".*springframework\.org/dtd/spring-beans.*">
			<xmlFile pattern=".xml"/>
		</detectDTD>
		<detectElement tags="beans" documentNamespace=".*springframework\.org/schema/beans.*" flagRootNode="true">
			<xmlFile pattern=".xml"/>
		</detectElement>
	</detectMultipleCriteria>
</rule>