<?xml version="1.0" encoding="UTF-8"?>
<!--
***************************************************************************
* Licensed Materials - Property of IBM                                    *
* (C) Copyright IBM Corp. 2018, 2021. All Rights Reserved.                *
*                                                                         *
* US Government Users Restricted Rights - Use, duplication or disclosure  *
* restricted by GSA ADP Schedule Contract with IBM Corp.                  *
*************************************************************************** 
-->
<rules xmlns="http://websphere.ibm.com/xml/ns/wamt/binary-scanner-rule-list" xmlns:xsi="http://www.w3.org/2001/XMLSchema-instance"
    xsi:schemaLocation="http://websphere.ibm.com/xml/ns/wamt/binary-scanner-rule-list ../binary-scanner-rule-list_1_0.xsd"  mainCategory="appconversion.framework.migration" secondaryCategory="appconversion.framework.spring.best.practices">
	<rule className="com.ibm.ws.report.binary.rules.custom.DetectDefaultMessageListenerContainer" 
		help="/ruleinfo/appconversion/framework/spring/DetectDefaultMessageListenerContainer.html" severity="warning" devCost="0.25" instanceCost="0.1"/>		
	<rule className="com.ibm.ws.report.binary.rules.custom.DetectEntityInterceptor" 
		help="/ruleinfo/appconversion/framework/spring/DetectEntityInterceptor.html" severity="info" devCost="0" instanceCost="0"/>			
	<rule className="com.ibm.ws.report.binary.rules.custom.DetectEntityManagerFactoryCreationStyle" 
		help="/ruleinfo/appconversion/framework/spring/DetectEntityManagerFactoryCreationStyle.html" severity="severe" devCost="1.0" instanceCost="0.1"/>				
	<rule className="com.ibm.ws.report.binary.rules.custom.DetectJndiEnvironmentElements" 
		help="/ruleinfo/appconversion/framework/spring/DetectJndiEnvironmentElements.html" severity="info" devCost="0" instanceCost="0"/>		
	<rule className="com.ibm.ws.report.binary.rules.custom.DetectJndiLookupElement" 
		help="/ruleinfo/appconversion/framework/spring/DetectJndiLookupElement.html" severity="severe" devCost="0.1" instanceCost="0.1"/>
	<rule className="com.ibm.ws.report.binary.rules.custom.DetectJndiLookupElementNoQuickFix" 
		help="/ruleinfo/appconversion/framework/spring/DetectJndiLookupElementNoQuickFix.html" severity="info" devCost="0" instanceCost="0"/>		
	<rule className="com.ibm.ws.report.binary.rules.custom.DetectJndiObjectFactoryBean" 
		help="/ruleinfo/appconversion/framework/spring/DetectJndiObjectFactoryBean.html" severity="severe" devCost="0.1" instanceCost="0.1"/>	
	<rule className="com.ibm.ws.report.binary.rules.custom.DetectJndiObjectFactoryBeanNoQuickFix" 
		help="/ruleinfo/appconversion/framework/spring/DetectJndiObjectFactoryBeanNoQuickFix.html" severity="warning" devCost="0.1" instanceCost="0.1"/>				
	<rule className="com.ibm.ws.report.binary.rules.custom.DetectLocalContainerEntityManagerFactoryBean" 
		help="/ruleinfo/appconversion/framework/spring/DetectLocalContainerEntityManagerFactoryBean.html" severity="severe" devCost="0.1" instanceCost="0.1"/>							
	<rule fileName="DetectNativeJDBCExtractor.xml" 
		help="/ruleinfo/appconversion/framework/spring/DetectNativeJdbcExtractor.html" severity="severe" devCost="1.0" instanceCost="0.1"/>		
	<rule fileName="DetectUnsupportedJTATransactionManager.xml" 
		help="/ruleinfo/appconversion/framework/spring/DetectUnsupportedJTATransactionManager.html" severity="severe" devCost="0.1" instanceCost="0.1"/>
</rules>