<assembly xmlns="http://maven.apache.org/plugins/maven-assembly-plugin/assembly/1.1.0"
  xmlns:xsi="http://www.w3.org/2001/XMLSchema-instance"
  xsi:schemaLocation="http://maven.apache.org/plugins/maven-assembly-plugin/assembly/1.1.0 http://maven.apache.org/xsd/assembly-1.1.0.xsd">
  <id>hawt-app</id>
  <fileSets>
    <fileSet>
      <includes>
        <include>bin/*</include>
      </includes>
      <directory>${project.build.directory}/hawt-app</directory>
      <outputDirectory>.</outputDirectory>
      <fileMode>0755</fileMode>
    </fileSet>
    <fileSet>
      <includes>
        <include>lib/*</include>
      </includes>
      <directory>${project.build.directory}/hawt-app</directory>
      <outputDirectory>.</outputDirectory>
      <fileMode>0644</fileMode>
    </fileSet>
  </fileSets>
</assembly>
