<assembly xmlns="http://maven.apache.org/ASSEMBLY/2.1.0"
    xmlns:xsi="http://www.w3.org/2001/XMLSchema-instance"
    xsi:schemaLocation="http://maven.apache.org/ASSEMBLY/2.1.0 http://maven.apache.org/xsd/assembly-2.1.0.xsd">
    <id>context</id>
    <formats>
        <format>dir</format>
    </formats>
    <includeBaseDirectory>false</includeBaseDirectory>
    <files>
        <file>
            <source>src/main/docker/Dockerfile</source>
            <filtered>true</filtered>
            <lineEnding>unix</lineEnding>
        </file>
        <file>
            <source>${project.build.directory}/rootfs.tar</source>
        </file>
    </files>
</assembly>
