<assembly xmlns="http://maven.apache.org/ASSEMBLY/2.1.0"
    xmlns:xsi="http://www.w3.org/2001/XMLSchema-instance"
    xsi:schemaLocation="http://maven.apache.org/ASSEMBLY/2.1.0 http://maven.apache.org/xsd/assembly-2.1.0.xsd">
    <id>rootfs</id>
    <formats>
        <format>tar</format>
    </formats>
    <includeBaseDirectory>false</includeBaseDirectory>
    <fileSets>
        <fileSet>
            <outputDirectory/>
            <directory>${project.basedir}</directory>
            <includes>
                <include>src/main/c/*.c</include>
                <include>CMakeLists.txt</include>
                <include>*.cmake</include>
            </includes>
            <lineEnding>unix</lineEnding>
        </fileSet>
    </fileSets>
</assembly>
