<?xml version="1.0" encoding="UTF-8"?>
<!--
***************************************************************************
* Licensed Materials - Property of IBM                                    *
* (C) Copyright IBM Corp. 2015, 2016. All Rights Reserved.                      *
*                                                                         *
* US Government Users Restricted Rights - Use, duplication or disclosure  *
* restricted by GSA ADP Schedule Contract with IBM Corp.                  *
*************************************************************************** 
-->
<rule xmlns="http://websphere.ibm.com/xml/ns/wamt/binary-scanner-rule" xmlns:xsi="http://www.w3.org/2001/XMLSchema-instance"
    xsi:schemaLocation="http://websphere.ibm.com/xml/ns/wamt/binary-scanner-rule ../binary-scanner-rule_1_0.xsd" id="ApplicationSecurityRule" 
		description="appconversion.cloud.rules.ApplicationSecurityRule">
	<detectMultipleCriteria flagOnce="true">
		<detectClass names="javax.servlet.annotation.ServletSecurity, 
							javax.annotation.security.RolesAllowed,
							javax.annotation.security.PermitAll,
							javax.annotation.security.DenyAll"/>
		<detectElement tags="method-permission">
			<xmlFile pattern="(.*/)?(META-INF|WEB-INF)/ejb-jar\.xml"/>
		</detectElement>
		<detectElement tags="security-constraint, auth-method">
			<xmlFile pattern="WEB-INF/web.xml"/>
		</detectElement>
		<detectMethod name="isCallerInRole, getCallerPrincipal"
					owners="javax.ejb.EJBContext"/>
		<detectMethod name="isUserInRole, getUserPrincipal, getRemoteUser"
					owners="javax.servlet.http.HttpServletRequest"/>
	</detectMultipleCriteria>
</rule>