<?xml version="1.0" encoding="UTF-8"?>
<!--
***************************************************************************
* Licensed Materials - Property of IBM                                    *
* (C) Copyright IBM Corp. 2016. All Rights Reserved.                      *
*                                                                         *
* US Government Users Restricted Rights - Use, duplication or disclosure  *
* restricted by GSA ADP Schedule Contract with IBM Corp.                  *
*************************************************************************** 
-->
<rule xmlns="http://websphere.ibm.com/xml/ns/wamt/binary-scanner-rule" xmlns:xsi="http://www.w3.org/2001/XMLSchema-instance"
    xsi:schemaLocation="http://websphere.ibm.com/xml/ns/wamt/binary-scanner-rule ../binary-scanner-rule_1_0.xsd" id="DatabasesSQLRule" 
		description="appconversion.cloud.rules.Databases">
	<detectMultipleCriteria flagOnce="true">
		<detectPackage names="java.sql*,
							javax.sql*"/>
		<detectElement tags="res-type" value="javax\.sql\.DataSource" parentTags="resource-ref">
			<xmlFile pattern="WEB-INF/web.xml"/>
			<xmlFile pattern="META-INF/application.xml"/>
			<xmlFile pattern="META-INF/application-client.xml"/>
			<xmlFile pattern="(.*/)?(META-INF|WEB-INF)/ejb-jar\.xml"/>
		</detectElement>
	</detectMultipleCriteria>
</rule>