<?xml version="1.0" encoding="UTF-8"?>
<!--
***************************************************************************
* Licensed Materials - Property of IBM                                    *
* (C) Copyright IBM Corp. 2015, 2022. All Rights Reserved.                *
*                                                                         *
* US Government Users Restricted Rights - Use, duplication or disclosure  *
* restricted by GSA ADP Schedule Contract with IBM Corp.                  *
*************************************************************************** 
-->
<rule xmlns="http://websphere.ibm.com/xml/ns/wamt/binary-scanner-rule" xmlns:xsi="http://www.w3.org/2001/XMLSchema-instance"
    xsi:schemaLocation="http://websphere.ibm.com/xml/ns/wamt/binary-scanner-rule ../binary-scanner-rule_1_0.xsd" id="DatabasesRule" 
		description="appconversion.cloud.rules.Databases">
	<detectMultipleCriteria>
		<detectPackage names="org.springframework.jdbc*,
							org.springframework.dao*"
					flagOnce="true"/>
		<detectPackage names="org.hibernate*"
					flagOnce="true"/>
		<detectPackage names="org.apache.ibatis*"
					flagOnce="true"/>
		<detectPackage names="org.ektorp*, 
		 	  				  org.lightcouch, 
							  org.jcouchdb*, 
							  com.buycentives.jrelax*" 
					flagOnce="true"/>
		<detectPackage names="com.mongodb*" 
					flagOnce="true"/>	
		<!-- Intentionally flagging all instances of this property as it requires updating for new url -->							
		<detectAttribute tags="property" attributeName="name" attributeValue="javax\.persistence\.jdbc\.url">
			<xmlFile pattern="META-INF/persistence.xml"/>
		</detectAttribute>
		
		<detectAttribute tags="property" attributeName="name" attributeValue="jakarta\.persistence\.jdbc\.url">
			<xmlFile pattern="META-INF/persistence.xml"/>
		</detectAttribute>
		
		<!-- Merged from DatabasesSQLRule.xml which is now removed -->
		<detectPackage flagOnce="true" names="java.sql*,javax.sql*"/>
		<detectElement flagOnce="true" tags="res-type" value="javax\.sql\.DataSource" parentTags="resource-ref">
			<xmlFile pattern="WEB-INF/web.xml"/>
			<xmlFile pattern="META-INF/application.xml"/>
			<xmlFile pattern="META-INF/application-client.xml"/>
			<xmlFile pattern="(.*/)?(META-INF|WEB-INF)/ejb-jar\.xml"/>
		</detectElement>
		
		<!-- Merged from JavaxPersistenceRule.xml which is now removed -->
		<detectPackage flagOnce="true" names="javax.persistence*"/>
		<detectPackage flagOnce="true" names="jakarta.persistence*"/>
		<detectElement flagOnce="true" tags="jta-data-source, non-jta-data-source" value=".*">
			<xmlFile pattern="META-INF/persistence.xml"/>
		</detectElement>
	</detectMultipleCriteria>	
</rule>