<?xml version="1.0" encoding="UTF-8"?>
<!--
***************************************************************************
* Licensed Materials - Property of IBM                                    *
* (C) Copyright IBM Corp. 2016. All Rights Reserved.                      *
*                                                                         *
* US Government Users Restricted Rights - Use, duplication or disclosure  *
* restricted by GSA ADP Schedule Contract with IBM Corp.                  *
*************************************************************************** 
-->
<rule xmlns="http://websphere.ibm.com/xml/ns/wamt/binary-scanner-rule" xmlns:xsi="http://www.w3.org/2001/XMLSchema-instance"
    xsi:schemaLocation="http://websphere.ibm.com/xml/ns/wamt/binary-scanner-rule ../binary-scanner-rule_1_0.xsd" id="JMSRule" 
		description="appconversion.cloud.rules.JMS">
	<detectMultipleCriteria flagOnce="true">
		<detectClass names="javax.jms.ConnectionFactory,
							javax.jms.QueueConnectionFactory,
							javax.jms.TopicConnectionFactory,
							javax.jms.XAQueueConnectionFactory,
							javax.jms.XATopicConnectionFactory"/>
		<detectElement tags="res-type" value="javax\.jms\.((XA)?(Queue|Topic))?ConnectionFactory">
			<xmlFile pattern="WEB-INF/web.xml"/>
			<xmlFile pattern="META-INF/application.xml"/>
			<xmlFile pattern="(.*/)?(META-INF|WEB-INF)/ejb-jar\.xml"/>
		</detectElement>
	</detectMultipleCriteria>
</rule>