<?xml version="1.0" encoding="UTF-8"?>
<!--
***************************************************************************
* Licensed Materials - Property of IBM                                    *
* (C) Copyright IBM Corp. 2016. All Rights Reserved.                      *
*                                                                         *
* US Government Users Restricted Rights - Use, duplication or disclosure  *
* restricted by GSA ADP Schedule Contract with IBM Corp.                  *
*************************************************************************** 
-->
<rule xmlns="http://websphere.ibm.com/xml/ns/wamt/binary-scanner-rule" xmlns:xsi="http://www.w3.org/2001/XMLSchema-instance"
    xsi:schemaLocation="http://websphere.ibm.com/xml/ns/wamt/binary-scanner-rule ../binary-scanner-rule_1_0.xsd" id="RemoteWebServicesRule" 
		description="appconversion.cloud.rules.RemoteWebServices">
	<detectMultipleCriteria flagOnce="true">
		<detectClass names="javax.xml.ws.AsyncHandler,
							javax.xml.ws.Service,
							javax.xml.ws.Service.Mode,
							javax.xml.ws.WebServiceClient,
							javax.xml.ws.WebServiceRef,
							javax.xml.ws.WebServiceRefs"/>
		<detectPackage names="org.apache.soap.rpc*,
							  javax.ws.rs.client*,
							  org.apache.client.wink.client*"/>
		<detectElement tags="service-ref">
			<xmlFile pattern="(.*/)?(META-INF|WEB-INF)/ejb-jar\.xml"/>
			<xmlFile pattern="WEB-INF/web.xml"/>
			<xmlFile pattern="META-INF/application-client.xml"/>
		</detectElement>
	</detectMultipleCriteria>
</rule>