<?xml version="1.0" encoding="UTF-8"?>
<!--
***************************************************************************
* Licensed Materials - Property of IBM                                    *
* (C) Copyright IBM Corp. 2016. All Rights Reserved.                      *
*                                                                         *
* US Government Users Restricted Rights - Use, duplication or disclosure  *
* restricted by GSA ADP Schedule Contract with IBM Corp.                  *
*************************************************************************** 
-->
<rule xmlns="http://websphere.ibm.com/xml/ns/wamt/binary-scanner-rule" xmlns:xsi="http://www.w3.org/2001/XMLSchema-instance"
    xsi:schemaLocation="http://websphere.ibm.com/xml/ns/wamt/binary-scanner-rule ../binary-scanner-rule_1_0.xsd" id="RemoteEJBLookupsRule" 
		description="appconversion.cloud.rules.RemoteEJBLookups">
	<detectMultipleCriteria flagOnce="true">		
		<detectAnnotation name="javax.ejb.EJB" type="java.lang.String" attributeName="lookup">
			<field value="((java:global/)|corbaname:).*"/>
		</detectAnnotation>
		<detectElement tags="home, remote" parentTags="ejb-ref">
						<xmlFile pattern="META-INF/application-client.xml"/>
						<xmlFile pattern="(.*/)?(META-INF|WEB-INF)/ejb-jar\.xml"/>
						<xmlFile pattern="WEB-INF/web.xml"/>			
		</detectElement>	
	</detectMultipleCriteria>
</rule>